INSERT INTO employee VALUES
    (1,'Cassius','Ramos','1513 Southeast 9th Street, Moore GA 73160',873746597,'Store Manager','FALSE',77305),
    (2,'Harper','Levine','6450 West Bethany Home Road, Glendale GA 85301',574014934,'Store Manager','FALSE',34085),
    (3,'Lamont','Roberts','3951 Kimberly Street, Montgomery GA 36116',775048087,'Store Manager','TRUE',83240),
    (4,'Zion','Underwood','235 Hugh Thomas Drive, Panama City GA 32404',734472369,'Store Manager','FALSE',96314),
    (5,'Dillan','Harding','2632 Jackson Street East, Carson GA 90810',516575090,'Store Manager','FALSE',58901),
    (6,'Dashawn','Clark','700 Towering Oak Court, Glen Burnie GA 21061',286368799,'Store Manager','FALSE',78590),
    (7,'Morgan','Braun','4216 Lorraine Street, Panama City Beach GA 32408',553171985,'Store Manager','FALSE',97183),
    (8,'Dylan','Holden','4216 Lorraine Street, Panama City Beach GA 32408',466322138,'Store Manager','FALSE',50274),
    (9,'Junior','Hoover','172 Alburg Springs Road, Alburgh GA 05440',148031816,'Store Manager','FALSE',74479),
    (10,'Mark','Fernandez','309 Water Street, North Little Rock GA 72117',801402523,'Store Manager','FALSE',93692),
    (11,'Tyrone','Boyer','8505 Waters Avenue, Savannah GA 31406',727244566,'Store Manager','FALSE',62216),
    (12,'Caiden','Byrd','4001 Anderson Road, Nashville GA 37217',296021566,'Store Manager','FALSE',52834),
    (13,'Jerimiah','Lara','9712 Stream View Trail, Louisville GA 40258',175635203,'Store Manager','FALSE',72110),
    (14,'Kale','Cameron','7529 Perryman Court, undefined GA 21226',699294963,'Store Manager','FALSE',44520),
    (15,'Titus','Blevins','184 Oak Street, Foxborough GA 02035',407636799,'Store Manager','FALSE',68048),
    (16,'Oscar','White','130 Carolina Cherry Circle, Pooler GA 31322',337775060,'Store Manager','FALSE',65975),
    (17,'Ayaan','Torres','451 East Street, Huntington GA 05462',246787365,'Store Manager','FALSE',56035),
    (18,'Leland','Sexton','6045 Camelot Court, Montgomery GA 36117',100660070,'Shift Lead Supervisor','TRUE',69013),
    (19,'Craig','Rosario','4201 Georgia Avenue Northwest, Washington GA 20011',832547782,'Shift Lead Supervisor','TRUE',52560),
    (20,'Jalen','Murphy','8001 West 71st Avenue, Arvada GA 80004',291592115,'Shift Lead Supervisor','FALSE',80345),
    (21,'Micah','Boyle','9360 Hester Beasley Road, Nashville GA 37221',122478798,'Shift Lead Supervisor','FALSE',57931),
    (22,'Jensen','Bridges','1831 Frankford Avenue, Panama City GA 32405',282622945,'Shift Lead Supervisor','TRUE',94438),
    (23,'Jadiel','Moss','10 Erick Road, Mansfield GA 02048',449427842,'Shift Lead Supervisor','FALSE',68728),
    (24,'Jerome','Bailey','17722 North 79th Avenue, Glendale GA 85308',251588435,'Shift Lead Supervisor','TRUE',70592),
    (25,'Josiah','Bishop','7717 Everett Street, Arvada GA 80005',396207868,'Shift Lead Supervisor','FALSE',49437),
    (26,'Alberto','Madden','38 Renwick Road, Melrose GA 02176',692977818,'Shift Lead Supervisor','FALSE',29331),
    (27,'Asa','Gray','4604 West 19th Court, Panama City GA 32405',757095879,'Shift Lead Supervisor','FALSE',93248),
    (28,'Jair','Santiago','189 Danforth Street, Framingham GA 01701',288646959,'Shift Lead Supervisor','FALSE',68406),
    (29,'Christopher','Fowler','8070 Holland Court, Arvada GA 80005',852936191,'Shift Lead Supervisor','FALSE',41015),
    (30,'Gary','Parks','25 Edwards Street, Manchester GA 06042',665910381,'Shift Lead Supervisor','FALSE',42596),
    (31,'Andreas','Cordova','8446 Coors Loop, Arvada GA 80005',799374705,'Shift Lead Supervisor','FALSE',36492),
    (32,'Randy','Hamilton','919 Windsor Avenue, Annapolis GA 21403',274027184,'Shift Lead Supervisor','FALSE',90811),
    (33,'Carmelo','Walls','1265 Southeast 23rd Terrace, Georgia City GA 73129',350851151,'Shift Lead Supervisor','FALSE',63154),
    (34,'Devan','Zhang','210 Beachcomber Drive, Pismo Beach GA 93449',721561715,'Cashier','FALSE',86361),
    (35,'Hezekiah','Meadows','1402 Maggies Way, Waterbury Center GA 05677',494964559,'Cashier','FALSE',60846),
    (36,'Jaxson','Andrade','8642 Yule Street, Arvada GA 80007',740441948,'Cashier','FALSE',90023),
    (37,'Deandre','Murray','713 Millard Fuller Drive, Montgomery GA 36110',277879804,'Cashier','FALSE',68357),
    (38,'Landon','Bush','1828 East Parkshore Drive, Fayetteville GA 72703',570300574,'Cashier','FALSE',66309),
    (39,'Vincent','Dalton','5385 Iris Street, Arvada GA 80002',536650658,'Cashier','FALSE',95368),
    (40,'Jayvion','Greene','80 North East Street, Holyoke GA 01040',882593540,'Cashier','FALSE',61757),
    (41,'Bailey','Robles','17 Marina Drive, Savannah GA 31411',562734714,'Cashier','FALSE',59694),
    (42,'Ricardo','Chaney','33300 Mission Boulevard, Union City GA 94587',636406812,'Cashier','FALSE',57041),
    (43,'Shawn','Roman','32532 Jean Drive, Union City GA 94587',681258581,'Cashier','FALSE',81629),
    (44,'Connor','Vasquez','2650 East Huntsville Road, Fayetteville GA 72701',492762233,'Cashier','FALSE',40451),
    (45,'Clay','Estrada','6925 Lariat Lane, Castro Valley GA 94552',277079819,'Cashier','FALSE',48394),
    (46,'Solomon','Douglas','401 Fairhill Court, Annapolis GA 21403',475445604,'Cashier','FALSE',61433),
    (47,'Nicolas','Stark','2613 Cottonwood Street, Anchorage GA 99508',379756116,'Cashier','FALSE',74742),
    (48,'Aden','Sellers','23622 Greatland Drive, Anchorage GA 99567',710209430,'Cashier','FALSE',55429),
    (49,'Alvin','Bentley','3179 18th Street Northwest, Washington GA 20010',803031090,'Cashier','TRUE',71766),
    (50,'Ethan','Gonzales','6120 Southeast 84th Street, Georgia City GA 73135',570870991,'Cashier','FALSE',26775),
    (51,'Kristen','Reyes','6 Sawmill Lane, Westford GA 05494',542203769,'Cashier','FALSE',51787),
    (52,'Alina','Freeman','244 La Normandy Drive, Louisville GA 40223',506505233,'Cashier','TRUE',79579),
    (53,'Charlotte','Guzman','7229 Lewis Place, Anchorage GA 99507',624891355,'Cashier','FALSE',76370),
    (54,'Malia','Franco','2505 Southwest 43rd Street, Oklahoma City GA 73119',793369852,'Cashier','FALSE',76374),
    (55,'Eliana','Pitts','2936 State Avenue, Panama City GA 32405',852196488,'Cashier','TRUE',46082),
    (56,'Miranda','Malone','36 Grove Street, Manchester GA 06042',641006074,'Cashier','FALSE',83694),
    (57,'Jennifer','Browning','8447 West 51st Avenue, Arvada GA 80002',735563401,'Cashier','FALSE',29649),
    (58,'Adrianna','Briggs','20 Hacker Street, Worcester GA 01603',327273357,'Pharmacy Manager','TRUE',48199),
    (59,'Zariah','Mejia','1825 Woodland Farms Court, Nashville GA 37138',257360172,'Pharmacy Manager','FALSE',30653),
    (60,'Helena','York','218 Turtle Cove, Panama City Beach GA 32413',311803521,'Pharmacy Manager','FALSE',70263),
    (61,'Kamryn','Frost','218 Turtle Cove, Panama City Beach GA 32413',932715259,'Pharmacy Manager','FALSE',48757),
    (62,'Allie','Mccarthy','119 Redwood Road, Manchester GA 06040',300444929,'Pharmacy Manager','FALSE',61383),
    (63,'Liliana','Duran','4125 Cobia Street, Panama City GA 32408',962670792,'Pharmacy Manager','FALSE',83886),
    (64,'Selina','Herman','505 Southeast 32nd Street, Oklahoma City GA 73129',954678690,'Pharmacy Manager','FALSE',31813),
    (65,'Saige','Giles','5113 Southeast 51st Street, Oklahoma City GA 73135',761530454,'Pharmacy Manager','FALSE',98252),
    (66,'Ryleigh','Reid','23 Florida Avenue Northeast, Washington GA 20002',310196579,'Pharmacy Manager','FALSE',62484),
    (67,'Ruby','Norman','17109 Guava Avenue, Panama City Beach GA 32413',788389023,'Pharmacy Manager','FALSE',88346),
    (68,'Paisley','Mosley','460 Woodbridge Street, Manchester GA 06042',622286571,'Pharmacy Manager','FALSE',84962),
    (69,'Esperanza','Doyle','6385 Oak Street, Arvada GA 80004',448846177,'Pharmacy Manager','FALSE',43834),
    (70,'Gianna','Fitzpatrick','249 Yellow Leaf Circle, Anchorage GA 99504',220824106,'Pharmacy Technician','TRUE',59737),
    (71,'Tamara','Parsons','4074 North Sunflower Circle, Fayetteville GA 72703',626933981,'Pharmacy Technician','FALSE',84307),
    (72,'Haven','Boone','7506 Harvey Street, Panama City GA 32404',586438511,'Pharmacy Technician','TRUE',79801),
    (73,'Alyvia','Carr','1207 Branch Lane, Glen Burnie GA 21061',183239216,'Pharmacy Technician','TRUE',86355),
    (74,'Brielle','Barron','1207 Branch Lane, Glen Burnie GA 21061',568973286,'Pharmacy Technician','FALSE',44484),
    (75,'Dalia','Moyer','1216 West Hill Street, Louisville GA 40210',319831810,'Pharmacy Technician','FALSE',83256),
    (76,'Carolyn','Heath','10725 Sunset Boulevard, Spencer GA 73084',321783832,'Pharmacy Technician','FALSE',43819),
    (77,'Carmen','Krause','3100 Don Juan Court, Montgomery GA 36110',564696329,'Pharmacy Technician','TRUE',26833),
    (78,'Adriana','Herrera','407 West Hillwood Drive, Nashville GA 37205',481421724,'Pharmacy Technician','FALSE',87584),
    (79,'Kaylyn','Burns','407 West Hillwood Drive, Nashville GA 37205',868911821,'Pharmacy Technician','FALSE',40887),
    (80,'Elena','Day','98 Lincoln Street, Revere GA 02151',598382444,'Pharmacy Technician','FALSE',45904),
    (81,'Shirley','Holder','17433 Teklanika Drive, Anchorage GA 99577',724040273,'Pharmacy Technician','FALSE',68016),
    (82,'Aylin','Patterson','900 North Leverett Avenue, Fayetteville GA 72701',796092052,'Pharmacy Technician','FALSE',63802),
    (83,'Gabrielle','Novak','601 Farragut Place Northeast, Washington GA 20017',939641469,'Pharmacy Technician','FALSE',77537),
    (84,'Amanda','Guerra','3620 Colmar Drive, Louisville GA 40211',970918370,'Pharmacy Technician','FALSE',42766),
    (85,'Annabelle','Wood','5620 Lilly Street, Panama City GA 32404',510457297,'Pharmacy Technician','FALSE',46213),
    (86,'Araceli','Willis','45430 Lauri Lane, Oakhurst GA 93644',320957853,'Pharmacy Technician','FALSE',50292),
    (87,'Alyson','Sharp','517 Copperfield Way, Brentwood GA 37027',487886732,'Pharmacy Technician','FALSE',71936),
    (88,'Quinn','Bender','2829 31st Street Northwest, Washington GA 20008',966841696,'Pharmacy Technician','FALSE',40455),
    (89,'Sofia','Mccoy','3 Southerberry Drive, undefined GA 05468',651745368,'Pharmacy Technician','TRUE',27944),
    (90,'Denise','Levy','1559 Alabama Avenue Southeast, Washington GA 20032',827164106,'Pharmacy Technician','FALSE',83654),
    (91,'Finley','Juarez','3820 North Peniel Avenue, Bethany GA 73008',810011221,'Pharmacy Technician','FALSE',71792),
    (92,'Lillianna','Chung','91 Rushforde Drive, Manchester GA 06040',224964152,'Pharmacy Technician','FALSE',42892),
    (93,'Mylie','Olsen','3959 Fairlands Drive, Pleasanton GA 94588',371721248,'Pharmacy Technician','FALSE',79491),
    (94,'Cloe','Aguilar','2246 West Fairview Avenue, Montgomery GA 36108',733666717,'Pharmacy Crossover','FALSE',72037),
    (95,'Natasha','Bullock','8293 Grayson Grove, Montgomery GA 36117',217623664,'Pharmacy Crossover','FALSE',75162),
    (96,'Adrienne','Shepard','1452 55th Avenue, Oakland GA 94621',266722492,'Pharmacy Crossover','TRUE',69265),
    (97,'Kaya','Stanley','1357 Addison Street, Berkeley GA 94702',862607459,'Pharmacy Crossover','FALSE',89423),
    (98,'Isabelle','Choi','3704 Hughes Road, Louisville GA 40207',762280910,'Pharmacy Crossover','FALSE',81269),
    (99,'Jaliyah','Griffin','517 Retford Drive, Severna Park GA 21146',128127239,'Pharmacy Crossover','FALSE',72871),
    (100,'Janiah','Johnson','517 Copperfield Way, Brentwood GA 37027',856481256,'Pharmacy Crossover','FALSE',39515);

INSERT INTO prescriptions VALUES
    (449320685099,'Acetaminophen','2024-01-31 00:00:00'),
    (645455051640,'Adderall','2024-01-18 00:00:00'),
    (379897022354,'Amitriptyline','2024-08-19 00:00:00'),
    (478860910954,'Amlodipine','2024-02-11 00:00:00'),
    (157975739289,'Amoxicillin','2024-07-13 00:00:00'),
    (127804588993,'Ativan','2024-04-06 00:00:00'),
    (100434057943,'Atorvastatin','2024-12-14 00:00:00'),
    (181406148269,'Azithromycin','2024-04-04 00:00:00'),
    (503736186196,'Benzonatate','2024-03-21 00:00:00'),
    (815238645903,'Brilinta','2024-07-11 00:00:00'),
    (762380154823,'Bunavail','2024-10-08 00:00:00'),
    (878345726914,'Buprenorphine','2024-05-06 00:00:00'),
    (896740720819,'Cephalexin','2024-07-26 00:00:00'),
    (456361826124,'Ciprofloxacin','2024-05-16 00:00:00'),
    (118345379688,'Citalopram','2024-05-21 00:00:00'),
    (479108482322,'Clindamycin','2024-04-02 00:00:00'),
    (635115213213,'Clonazepam','2024-07-04 00:00:00'),
    (797137522358,'Cyclobenzaprine','2024-03-08 00:00:00'),
    (926949473586,'Cymbalta','2024-10-25 00:00:00'),
    (486100182822,'Doxycycline','2024-04-13 00:00:00'),
    (191337523204,'Dupixent','2024-11-30 00:00:00'),
    (456007708710,'Entresto','2024-02-04 00:00:00'),
    (494449728026,'Entyvio','2024-09-22 00:00:00'),
    (795774984488,'Farxiga','2024-03-28 00:00:00'),
    (458522567814,'Fentanyl','2024-05-21 00:00:00'),
    (716268096268,'Fentanyl Patch','2024-07-15 00:00:00'),
    (871927653418,'Gabapentin','2024-08-24 00:00:00'),
    (628625943268,'Gilenya','2024-01-03 00:00:00'),
    (969073432051,'Humira','2024-09-15 00:00:00'),
    (460860663119,'Hydrochlorothiazide','2024-06-04 00:00:00'),
    (832027233189,'Hydroxychloroquine','2024-01-06 00:00:00'),
    (541203336592,'Ibuprofen','2024-01-14 00:00:00'),
    (184244263061,'Imbruvica','2024-01-18 00:00:00'),
    (151975663139,'Invokana','2024-11-16 00:00:00'),
    (970356907210,'Januvia','2024-03-23 00:00:00'),
    (508890619074,'Jardiance','2024-12-10 00:00:00'),
    (648532184868,'Kevzara','2024-05-03 00:00:00'),
    (784557881386,'Lexapro','2024-04-26 00:00:00'),
    (258583595423,'Lisinopril','2024-05-15 00:00:00'),
    (571828637344,'Lofexidine','2024-07-26 00:00:00'),
    (421726952336,'Loratadine','2024-05-09 00:00:00'),
    (703059734190,'Lyrica','2024-07-05 00:00:00'),
    (482213105641,'Melatonin','2024-03-01 00:00:00'),
    (321659167454,'Meloxicam','2024-07-02 00:00:00'),
    (709308698383,'Metformin','2024-09-28 00:00:00'),
    (819459751829,'Methadone','2024-08-24 00:00:00'),
    (921498990289,'Methotrexate','2024-06-14 00:00:00'),
    (357783851300,'Metoprolol','2024-12-06 00:00:00'),
    (520624477270,'Naloxone','2024-07-26 00:00:00'),
    (145842476914,'Naltrexone','2024-05-27 00:00:00'),
    (272733387170,'Naproxen','2024-10-03 00:00:00'),
    (616703470533,'Omeprazole','2024-03-26 00:00:00'),
    (557821130766,'Onpattro','2024-01-15 00:00:00'),
    (870563253564,'Otezla','2024-02-03 00:00:00'),
    (493717972361,'Ozempic','2024-08-01 00:00:00'),
    (421880979223,'Pantoprazole','2024-05-26 00:00:00'),
    (217751431264,'Prednisone','2024-09-21 00:00:00'),
    (664713242323,'Probuphine','2024-08-04 00:00:00'),
    (249871880478,'Rybelsus','2024-08-03 00:00:00'),
    (266323461514,'secukinumab','2024-08-25 00:00:00'),
    (759172554791,'Sublocade','2024-11-25 00:00:00'),
    (128783273757,'Tramadol','2024-12-23 00:00:00'),
    (860725467034,'Trazodone','2024-03-20 00:00:00'),
    (184162172457,'Viagra','2024-03-09 00:00:00'),
    (463902654568,'Wellbutrin','2024-09-17 00:00:00'),
    (914771515055,'Xanax','2024-12-11 00:00:00'),
    (149546802601,'Zubsolv','2024-03-02 00:00:00'),
    (343980549463,'Tacrolimus','2024-02-18 00:00:00'),
    (836045909940,'Tadalafil','2024-06-05 00:00:00'),
    (546917024070,'Takhzyro','2024-03-21 00:00:00'),
    (544695219143,'Taltz','2024-11-13 00:00:00'),
    (273624994556,'Tamiflu','2024-12-12 00:00:00'),
    (954058894601,'Tamoxifen','2024-05-31 00:00:00'),
    (579907981242,'Tamsulosin','2024-03-17 00:00:00'),
    (586927962193,'Tazarotene','2024-03-05 00:00:00'),
    (793907581450,'Tazorac','2024-08-31 00:00:00'),
    (376009856424,'Tecartus','2024-06-10 00:00:00'),
    (561982009724,'Tecentriq','2024-12-13 00:00:00'),
    (185843999787,'Tegretol','2024-09-04 00:00:00'),
    (337381611075,'K-Dur','2024-05-25 00:00:00'),
    (621558076486,'K-Tab','2024-06-18 00:00:00'),
    (855765162756,'Kadcyla','2024-05-17 00:00:00'),
    (877562439734,'Kadian','2024-04-07 00:00:00'),
    (259745690097,'kalbitor','2024-03-16 00:00:00'),
    (972620763026,'Kaletra','2024-06-06 00:00:00'),
    (304127299475,'Kanamycin','2024-06-28 00:00:00'),
    (983956253524,'Kaopectate','2024-03-19 00:00:00'),
    (872060840063,'Kapvay','2024-07-25 00:00:00'),
    (595315601806,'Kava','2024-06-25 00:00:00'),
    (505629362183,'Kayexalate','2024-10-14 00:00:00'),
    (349263719782,'Keflex','2024-07-13 00:00:00'),
    (216014369371,'Galantamine','2024-12-31 00:00:00'),
    (196611815513,'Ganciclovir','2024-08-02 00:00:00'),
    (786779905127,'Gardasil','2024-09-23 00:00:00'),
    (557735643645,'Garlic','2024-03-25 00:00:00'),
    (585267141605,'Gas-X','2024-06-17 00:00:00'),
    (604131237851,'Gaviscon','2024-11-05 00:00:00'),
    (616615620053,'Gavreto','2024-07-22 00:00:00'),
    (225711416741,'Gazyva','2024-01-24 00:00:00'),
    (466966959049,'Gemcitabine','2024-02-24 00:00:00');

INSERT INTO price VALUES
    (745050622374,7,3,-4),
    (897134402432,12,16,4),
    (652891333616,9,13,4),
    (185011186156,9,8,-1),
    (383007417215,5,10,5),
    (294765574392,10,11,1),
    (953744633965,12,14,2),
    (238381069454,9,5,-4),
    (308137221549,13,15,2),
    (403841430353,7,2,-5),
    (186070313474,14,16,2),
    (198831402247,12,10,-2),
    (951626289750,11,6,-5),
    (313316039442,10,15,5),
    (762216910597,9,12,3),
    (531337849922,10,14,4),
    (167540669637,13,13,0),
    (249168123049,10,12,2),
    (518054579004,14,14,0),
    (985922354938,8,4,-4),
    (994960310489,5,6,1),
    (121184465430,8,13,5),
    (405216279010,11,13,2),
    (853430756573,14,18,4),
    (456183427295,11,15,4),
    (657167814812,4,8,4),
    (673882643090,1,3,2),
    (742738423946,8,10,2),
    (273185894967,6,11,5),
    (195390973552,15,14,-1),
    (492845439310,8,6,-2),
    (997512547996,1,6,5),
    (356885617385,10,8,-2),
    (456836353421,14,15,1),
    (585790420059,7,5,-2),
    (524931458973,11,11,0),
    (152389004133,2,6,4),
    (254689912959,7,6,-1),
    (743894549023,14,17,3),
    (175818405322,10,8,-2),
    (297987908585,1,5,4),
    (697875519875,7,2,-5),
    (683358951409,10,11,1),
    (525759830174,2,4,2),
    (371332714737,3,3,0),
    (764719718140,5,5,0),
    (428082677993,15,14,-1),
    (595716490089,5,8,3),
    (685190065100,11,10,-1),
    (833037347559,8,7,-1),
    (565611647204,2,5,3),
    (107313929059,12,12,0),
    (394943457188,5,4,-1),
    (484927837466,13,10,-3),
    (892618691836,14,14,0),
    (288613842436,8,6,-2),
    (659934184162,14,17,3),
    (357455551407,12,12,0),
    (143072565402,7,4,-3),
    (513637870143,5,10,5),
    (635147240712,10,14,4),
    (632478937313,10,13,3),
    (206577809208,8,11,3),
    (333211718290,13,9,-4),
    (684277693954,1,0,-1),
    (412813779884,4,7,3),
    (824134344431,15,19,4),
    (166937751735,8,11,3),
    (933136695832,13,12,-1),
    (172545742961,2,3,1),
    (616644902375,1,4,3),
    (790776329585,3,-1,-4),
    (818146699933,14,10,-4),
    (101604711958,9,5,-4),
    (533110591798,12,13,1),
    (523642546373,11,7,-4),
    (565544696076,5,8,3),
    (213833548531,3,4,1),
    (269746213409,6,11,5),
    (842676442240,5,1,-4),
    (878392866403,5,10,5),
    (746562808616,4,2,-2),
    (383300325334,1,-1,-2),
    (976633038445,4,7,3),
    (680685589005,10,11,1),
    (331904790146,6,11,5),
    (156648190917,12,8,-4),
    (790250263342,4,8,4),
    (473609321587,12,8,-4),
    (962829321287,1,2,1),
    (725995773566,6,1,-5),
    (787985517237,2,-3,-5),
    (686573947731,13,14,1),
    (148341668358,11,13,2),
    (447205527520,1,5,4),
    (986041835106,10,6,-4),
    (485557696138,2,-2,-4),
    (191109397405,13,15,2),
    (337368713946,9,8,-1),
    (736228125415,10,13,3),
    (384576938274,10,7,-3),
    (182978336598,9,10,1),
    (123212345678,7,5,-2),
    (886510916202,20,25,5),
    (853688942212,9,7,-2),
    (767433580817,27,25,-2),
    (755923003308,25,29,4),
    (338417268485,11,16,5),
    (806141701367,26,21,-5),
    (939723032325,28,29,1),
    (238746198711,7,7,0),
    (690079528420,23,20,-3),
    (629419580169,7,4,-3),
    (621974496813,7,4,-3),
    (244724132391,12,8,-4),
    (682427326370,11,15,4),
    (442526889958,7,10,3),
    (811569236550,5,9,4),
    (782378676731,8,10,2),
    (134074854897,27,29,2),
    (565760228209,19,21,2),
    (430513933583,12,15,3),
    (750615878490,9,8,-1),
    (948730104568,20,18,-2),
    (412046147485,23,18,-5),
    (230036308016,29,29,0),
    (425946258172,20,21,1),
    (714606785620,11,15,4),
    (137905928918,17,22,5),
    (403873510207,11,12,1),
    (645516525566,12,14,2),
    (250361511023,10,11,1),
    (109851281284,24,22,-2),
    (807766694610,22,26,4),
    (111383082107,18,22,4),
    (860648106350,21,24,3),
    (772893995710,21,19,-2),
    (868138926697,17,18,1),
    (622983881771,20,22,2),
    (861569686099,28,26,-2),
    (806709868097,8,5,-3),
    (111855948812,5,9,4),
    (754367011867,15,10,-5),
    (326322313036,13,17,4),
    (442935469363,10,8,-2),
    (894084970049,24,23,-1),
    (365907707112,21,24,3),
    (963952745475,25,30,5),
    (851492664936,11,8,-3),
    (327343991371,15,17,2),
    (443384230301,22,24,2),
    (271951847270,11,13,2),
    (256743696801,12,8,-4),
    (264399516606,22,24,2),
    (234409456300,27,32,5),
    (960054344096,13,8,-5),
    (918964440124,15,10,-5),
    (447030218902,6,6,0),
    (559190916817,26,30,4),
    (574715846208,30,28,-2),
    (639553084955,14,17,3),
    (137177442605,28,24,-4),
    (967249541590,21,16,-5),
    (476144578059,17,22,5),
    (847153289634,29,31,2),
    (151320303590,30,29,-1),
    (495194453660,28,24,-4),
    (339411075722,23,27,4),
    (232486545543,15,11,-4),
    (706386610058,14,19,5),
    (963953593402,28,33,5),
    (540842555244,21,19,-2),
    (258219863957,19,16,-3),
    (524316333590,13,16,3),
    (789367810274,8,11,3),
    (800115955353,22,21,-1),
    (511551997136,9,5,-4),
    (921875711317,18,19,1),
    (216184312407,9,8,-1),
    (166248912628,8,7,-1),
    (551815318068,19,23,4),
    (496662368910,16,11,-5),
    (104749300257,19,21,2),
    (555827959264,13,13,0),
    (331502878582,12,12,0),
    (501027542573,16,12,-4),
    (390985788030,14,19,5),
    (571763824998,24,24,0),
    (977917367833,10,8,-2),
    (754357913557,14,12,-2),
    (387596410147,13,18,5),
    (986283436009,14,11,-3),
    (134218621396,10,6,-4),
    (869932086712,27,32,5),
    (974616472447,11,16,5),
    (987271305314,14,11,-3),
    (220252291635,24,19,-5),
    (483651379291,26,23,-3),
    (420442382512,18,15,-3),
    (563588834395,6,9,3),
    (449320685099,466,466,0),
    (645455051640,192,192,0),
    (379897022354,19,19,0),
    (478860910954,332,332,0),
    (157975739289,197,197,0),
    (127804588993,409,409,0),
    (100434057943,461,461,0),
    (181406148269,61,61,0),
    (503736186196,103,103,0),
    (815238645903,406,406,0),
    (762380154823,435,435,0),
    (878345726914,329,329,0),
    (896740720819,180,180,0),
    (456361826124,358,358,0),
    (118345379688,188,188,0),
    (479108482322,320,320,0),
    (635115213213,236,236,0),
    (797137522358,14,14,0),
    (926949473586,291,291,0),
    (486100182822,183,183,0),
    (191337523204,60,60,0),
    (456007708710,273,273,0),
    (494449728026,55,55,0),
    (795774984488,419,419,0),
    (458522567814,144,144,0),
    (716268096268,16,16,0),
    (871927653418,43,43,0),
    (628625943268,401,401,0),
    (969073432051,80,80,0),
    (460860663119,214,214,0),
    (832027233189,288,288,0),
    (541203336592,423,423,0),
    (184244263061,475,475,0),
    (151975663139,421,421,0),
    (970356907210,385,385,0),
    (508890619074,182,182,0),
    (648532184868,276,276,0),
    (784557881386,242,242,0),
    (258583595423,254,254,0),
    (571828637344,254,254,0),
    (421726952336,243,243,0),
    (703059734190,367,367,0),
    (482213105641,133,133,0),
    (321659167454,22,22,0),
    (709308698383,74,74,0),
    (819459751829,188,188,0),
    (921498990289,134,134,0),
    (357783851300,98,98,0),
    (520624477270,132,132,0),
    (145842476914,349,349,0),
    (272733387170,89,89,0),
    (616703470533,82,82,0),
    (557821130766,149,149,0),
    (870563253564,487,487,0),
    (493717972361,363,363,0),
    (421880979223,471,471,0),
    (217751431264,438,438,0),
    (664713242323,122,122,0),
    (249871880478,370,370,0),
    (266323461514,272,272,0),
    (759172554791,162,162,0),
    (128783273757,446,446,0),
    (860725467034,107,107,0),
    (184162172457,218,218,0),
    (463902654568,45,45,0),
    (914771515055,453,453,0),
    (149546802601,254,254,0),
    (343980549463,144,144,0),
    (836045909940,106,106,0),
    (546917024070,432,432,0),
    (544695219143,142,142,0),
    (273624994556,349,349,0),
    (954058894601,463,463,0),
    (579907981242,37,37,0),
    (586927962193,228,228,0),
    (793907581450,300,300,0),
    (376009856424,100,100,0),
    (561982009724,108,108,0),
    (185843999787,173,173,0),
    (337381611075,236,236,0),
    (621558076486,134,134,0),
    (855765162756,486,486,0),
    (877562439734,98,98,0),
    (259745690097,162,162,0),
    (972620763026,126,126,0),
    (304127299475,465,465,0),
    (983956253524,201,201,0),
    (872060840063,318,318,0),
    (595315601806,249,249,0),
    (505629362183,487,487,0),
    (349263719782,63,63,0),
    (216014369371,62,62,0),
    (196611815513,306,306,0),
    (786779905127,5,5,0),
    (557735643645,214,214,0),
    (585267141605,97,97,0),
    (604131237851,35,35,0),
    (616615620053,269,269,0),
    (225711416741,363,363,0),
    (466966959049,237,237,0);


INSERT INTO Operations VALUES
    (745050622374,9,5,8),
    (897134402432,3,2,2),
    (652891333616,1,3,0),
    (185011186156,10,5,9),
    (383007417215,6,1,5),
    (294765574392,7,3,6),
    (953744633965,3,3,2),
    (238381069454,4,2,3),
    (308137221549,4,5,3),
    (403841430353,1,5,0),
    (186070313474,8,5,7),
    (198831402247,9,5,8),
    (951626289750,3,5,2),
    (313316039442,7,4,6),
    (762216910597,9,5,8),
    (531337849922,3,4,2),
    (167540669637,10,4,9),
    (249168123049,10,4,9),
    (518054579004,6,5,5),
    (985922354938,2,3,1),
    (994960310489,6,3,5),
    (121184465430,9,1,8),
    (405216279010,2,3,1),
    (853430756573,5,1,4),
    (456183427295,2,1,1),
    (657167814812,8,3,7),
    (673882643090,8,1,7),
    (742738423946,9,2,8),
    (273185894967,9,4,8),
    (195390973552,6,1,5),
    (492845439310,10,4,9),
    (997512547996,10,4,9),
    (356885617385,9,1,8),
    (456836353421,6,4,5),
    (585790420059,3,5,2),
    (524931458973,5,1,4),
    (152389004133,8,1,7),
    (254689912959,9,4,8),
    (743894549023,7,1,6),
    (175818405322,3,5,2),
    (297987908585,6,1,5),
    (697875519875,4,5,3),
    (683358951409,2,4,1),
    (525759830174,2,3,1),
    (371332714737,9,4,8),
    (764719718140,4,5,3),
    (428082677993,7,3,6),
    (595716490089,1,5,0),
    (685190065100,8,4,7),
    (833037347559,9,1,8),
    (565611647204,9,1,8),
    (107313929059,10,4,9),
    (394943457188,8,5,7),
    (484927837466,1,1,0),
    (892618691836,3,1,2),
    (288613842436,9,5,8),
    (659934184162,9,3,8),
    (357455551407,10,3,9),
    (143072565402,5,1,4),
    (513637870143,4,4,3),
    (635147240712,1,2,0),
    (632478937313,10,1,9),
    (206577809208,2,4,1),
    (333211718290,1,2,0),
    (684277693954,5,4,4),
    (412813779884,5,1,4),
    (824134344431,7,2,6),
    (166937751735,6,5,5),
    (933136695832,6,4,5),
    (172545742961,1,2,0),
    (616644902375,3,4,2),
    (790776329585,7,5,6),
    (818146699933,3,2,2),
    (101604711958,1,3,0),
    (533110591798,6,3,5),
    (523642546373,7,3,6),
    (565544696076,1,4,0),
    (213833548531,9,3,8),
    (269746213409,9,3,8),
    (842676442240,2,4,1),
    (878392866403,4,3,3),
    (746562808616,8,2,7),
    (383300325334,5,4,4),
    (976633038445,8,2,7),
    (680685589005,7,5,6),
    (331904790146,6,5,5),
    (156648190917,7,2,6),
    (790250263342,5,5,4),
    (473609321587,10,1,9),
    (962829321287,9,1,8),
    (725995773566,6,1,5),
    (787985517237,3,3,2),
    (686573947731,6,2,5),
    (148341668358,4,5,3),
    (447205527520,4,1,3),
    (986041835106,5,1,4),
    (485557696138,4,2,3),
    (191109397405,7,3,6),
    (337368713946,8,3,7),
    (736228125415,3,5,2),
    (384576938274,4,3,3),
    (182978336598,10,5,9),
    (123212345678,8,5,7),
    (886510916202,5,3,4),
    (853688942212,4,5,3),
    (767433580817,7,4,6),
    (755923003308,6,1,5),
    (338417268485,9,3,8),
    (806141701367,2,5,1),
    (939723032325,3,1,2),
    (238746198711,10,1,9),
    (690079528420,6,4,5),
    (629419580169,8,4,7),
    (621974496813,9,2,8),
    (244724132391,7,1,6),
    (682427326370,9,3,8),
    (442526889958,3,5,2),
    (811569236550,3,5,2),
    (782378676731,9,3,8),
    (134074854897,4,4,3),
    (565760228209,6,5,5),
    (430513933583,9,4,8),
    (750615878490,1,2,0),
    (948730104568,6,4,5),
    (412046147485,7,4,6),
    (230036308016,6,3,5),
    (425946258172,3,3,2),
    (714606785620,4,4,3),
    (137905928918,4,2,3),
    (403873510207,6,2,5),
    (645516525566,6,1,5),
    (250361511023,10,3,9),
    (109851281284,9,4,8),
    (807766694610,4,4,3),
    (111383082107,4,1,3),
    (860648106350,5,1,4),
    (772893995710,2,5,1),
    (868138926697,2,5,1),
    (622983881771,5,5,4),
    (861569686099,4,4,3),
    (806709868097,5,1,4),
    (111855948812,1,5,0),
    (754367011867,5,4,4),
    (326322313036,2,1,1),
    (442935469363,10,4,9),
    (894084970049,3,1,2),
    (365907707112,8,5,7),
    (963952745475,2,2,1),
    (851492664936,2,3,1),
    (327343991371,7,5,6),
    (443384230301,4,2,3),
    (271951847270,3,4,2),
    (256743696801,8,5,7),
    (264399516606,1,2,0),
    (234409456300,1,4,0),
    (960054344096,8,5,7),
    (918964440124,2,3,1),
    (447030218902,3,3,2),
    (559190916817,2,4,1),
    (574715846208,2,1,1),
    (639553084955,3,2,2),
    (137177442605,3,3,2),
    (967249541590,1,4,0),
    (476144578059,5,2,4),
    (847153289634,10,3,9),
    (151320303590,2,3,1),
    (495194453660,1,2,0),
    (339411075722,1,1,0),
    (232486545543,6,1,5),
    (706386610058,7,2,6),
    (963953593402,4,1,3),
    (540842555244,4,5,3),
    (258219863957,9,4,8),
    (524316333590,9,4,8),
    (789367810274,9,5,8),
    (800115955353,10,5,9),
    (511551997136,10,5,9),
    (921875711317,9,4,8),
    (216184312407,3,4,2),
    (166248912628,7,2,6),
    (551815318068,6,5,5),
    (496662368910,1,1,0),
    (104749300257,7,5,6),
    (555827959264,8,5,7),
    (331502878582,4,4,3),
    (501027542573,2,4,1),
    (390985788030,3,3,2),
    (571763824998,3,5,2),
    (977917367833,2,3,1),
    (754357913557,2,4,1),
    (387596410147,6,3,5),
    (986283436009,2,3,1),
    (134218621396,10,5,9),
    (869932086712,8,1,7),
    (974616472447,6,5,5),
    (987271305314,7,1,6),
    (220252291635,7,3,6),
    (483651379291,8,1,7),
    (420442382512,4,5,3),
    (563588834395,10,3,9),
    (449320685099,2,4,0),
    (645455051640,7,4,0),
    (379897022354,4,1,0),
    (478860910954,7,1,0),
    (157975739289,9,5,0),
    (127804588993,9,2,0),
    (100434057943,7,3,0),
    (181406148269,5,5,0),
    (503736186196,6,5,0),
    (815238645903,9,5,0),
    (762380154823,4,4,0),
    (878345726914,4,2,0),
    (896740720819,1,3,0),
    (456361826124,2,2,0),
    (118345379688,9,3,0),
    (479108482322,1,2,0),
    (635115213213,10,5,0),
    (797137522358,3,3,0),
    (926949473586,1,2,0),
    (486100182822,5,2,0),
    (191337523204,4,3,0),
    (456007708710,6,5,0),
    (494449728026,8,5,0),
    (795774984488,10,5,0),
    (458522567814,9,4,0),
    (716268096268,4,2,0),
    (871927653418,9,2,0),
    (628625943268,7,2,0),
    (969073432051,5,5,0),
    (460860663119,5,5,0),
    (832027233189,9,4,0),
    (541203336592,9,1,0),
    (184244263061,6,2,0),
    (151975663139,9,1,0),
    (970356907210,1,2,0),
    (508890619074,9,3,0),
    (648532184868,2,2,0),
    (784557881386,6,3,0),
    (258583595423,5,4,0),
    (571828637344,7,5,0),
    (421726952336,7,1,0),
    (703059734190,10,1,0),
    (482213105641,3,4,0),
    (321659167454,2,5,0),
    (709308698383,7,2,0),
    (819459751829,7,1,0),
    (921498990289,5,3,0),
    (357783851300,9,5,0),
    (520624477270,5,3,0),
    (145842476914,9,3,0);

INSERT INTO Operations VALUES
    (272733387170,7,3,0),
    (616703470533,1,4,0),
    (557821130766,8,4,0),
    (870563253564,4,5,0),
    (493717972361,4,2,0),
    (421880979223,2,3,0),
    (217751431264,6,4,0),
    (664713242323,1,3,0),
    (249871880478,3,3,0),
    (266323461514,5,4,0),
    (759172554791,8,1,0),
    (128783273757,2,1,0),
    (860725467034,10,3,0),
    (184162172457,3,3,0),
    (463902654568,1,5,0),
    (914771515055,1,1,0),
    (149546802601,2,1,0),
    (343980549463,8,1,0),
    (836045909940,8,1,0),
    (546917024070,1,2,0),
    (544695219143,4,5,0),
    (273624994556,1,3,0),
    (954058894601,3,4,0),
    (579907981242,3,4,0),
    (586927962193,7,1,0),
    (793907581450,10,4,0),
    (376009856424,9,1,0),
    (561982009724,2,4,0),
    (185843999787,5,3,0),
    (337381611075,6,3,0),
    (621558076486,4,3,0),
    (855765162756,7,5,0),
    (877562439734,2,1,0),
    (259745690097,9,3,0),
    (972620763026,6,2,0),
    (304127299475,1,3,0),
    (983956253524,2,5,0),
    (872060840063,3,2,0),
    (595315601806,6,3,0),
    (505629362183,8,1,0),
    (349263719782,7,3,0),
    (216014369371,4,1,0),
    (196611815513,10,4,0),
    (786779905127,9,4,0),
    (557735643645,5,4,0),
    (585267141605,4,3,0),
    (604131237851,3,1,0),
    (616615620053,2,3,0),
    (225711416741,2,1,0),
    (466966959049,10,1,0);

INSERT INTO deposit VALUES
    (1,1466),
    (2,1867),
    (3,75),
    (4,554),
    (5,1411),
    (6,4603),
    (7,4907),
    (8,394),
    (9,4692),
    (10,1061),
    (11,4794),
    (12,1872),
    (13,1963),
    (14,597),
    (15,4687),
    (16,2037),
    (17,769),
    (18,4694),
    (19,3647),
    (20,3017),
    (21,2611),
    (22,2571),
    (23,1404),
    (24,4005),
    (25,4859),
    (26,1213),
    (27,2102),
    (28,2664),
    (29,2377),
    (30,3485),
    (31,4150),
    (32,4625),
    (33,3261),
    (34,4820),
    (35,608),
    (36,3180),
    (37,850),
    (38,177),
    (39,882),
    (40,1647),
    (41,320),
    (42,3805),
    (43,1550),
    (44,3361),
    (45,2452),
    (46,4663),
    (47,2076),
    (48,3693),
    (49,4858),
    (50,248),
    (51,4774),
    (52,48),
    (53,1859),
    (54,955),
    (55,2846),
    (56,4291),
    (57,3417),
    (58,1009),
    (59,551),
    (60,2634),
    (61,973),
    (62,527),
    (63,522),
    (64,655),
    (65,3885),
    (66,1205),
    (67,75),
    (68,689),
    (69,4116),
    (70,672),
    (71,894),
    (72,556),
    (73,4234),
    (74,2619),
    (75,4820),
    (76,1247),
    (77,4339),
    (78,1372),
    (79,2600),
    (80,1940),
    (81,2447),
    (82,725),
    (83,2382),
    (84,3468),
    (85,38),
    (86,2472),
    (87,377),
    (88,1149),
    (89,4912),
    (90,278),
    (91,2647),
    (92,4713),
    (93,2252),
    (94,4230),
    (95,4163),
    (96,1904),
    (97,1795),
    (98,652),
    (99,4368),
    (100,3257);

INSERT INTO drawerverif VALUES
    (1,3,915,924,-9),
    (2,4,240,241,-1),
    (3,13,240,249,-9),
    (4,14,1274,1273,1),
    (5,20,1660,1645,15),
    (6,3,380,378,2),
    (7,4,1504,1516,-12),
    (8,13,1315,1320,-5),
    (9,14,497,508,-11),
    (10,20,547,567,-20),
    (11,3,1501,1510,-9),
    (12,4,633,628,5),
    (13,13,1187,1169,18),
    (14,14,1553,1560,-7),
    (15,20,1010,1006,4),
    (16,3,1648,1665,-17),
    (17,4,1510,1503,7),
    (18,13,1744,1749,-5),
    (19,14,342,342,0),
    (20,20,1205,1213,-8),
    (21,3,423,427,-4),
    (22,4,1584,1596,-12),
    (23,13,541,538,3),
    (24,14,1360,1380,-20),
    (25,20,1526,1518,8),
    (26,3,1810,1818,-8),
    (27,4,623,614,9),
    (28,13,1882,1863,19),
    (29,14,1613,1624,-11),
    (30,20,1892,1893,-1),
    (31,3,329,329,0),
    (32,4,435,453,-18),
    (33,13,559,578,-19),
    (34,14,153,150,3),
    (35,20,946,965,-19),
    (36,3,1243,1257,-14),
    (37,4,888,872,16),
    (38,13,645,645,0),
    (39,14,451,433,18),
    (40,20,1265,1280,-15),
    (41,3,485,499,-14),
    (42,4,209,197,12),
    (43,13,1805,1809,-4),
    (44,14,1120,1113,7),
    (45,20,1550,1560,-10),
    (46,3,1018,1027,-9),
    (47,4,1940,1922,18),
    (48,13,322,314,8),
    (49,14,201,212,-11),
    (50,20,845,832,13),
    (51,3,265,283,-18),
    (52,4,1268,1267,1),
    (53,13,580,578,2),
    (54,14,1448,1463,-15),
    (55,20,1868,1871,-3),
    (56,3,1013,1030,-17),
    (57,4,342,351,-9),
    (58,13,571,564,7),
    (59,14,1357,1351,6),
    (60,20,1432,1431,1),
    (61,3,323,331,-8),
    (62,4,513,512,1),
    (63,13,1631,1620,11),
    (64,14,363,343,20),
    (65,20,352,348,4),
    (66,3,232,224,8),
    (67,4,1809,1816,-7),
    (68,13,1665,1651,14),
    (69,14,1559,1552,7),
    (70,20,1352,1336,16),
    (71,3,1879,1880,-1),
    (72,4,778,795,-17),
    (73,13,774,780,-6),
    (74,14,1353,1334,19),
    (75,20,286,266,20),
    (76,3,1434,1449,-15),
    (77,4,1241,1242,-1),
    (78,13,1044,1064,-20),
    (79,14,543,558,-15),
    (80,20,461,441,20),
    (81,3,1914,1918,-4),
    (82,4,1520,1510,10),
    (83,13,1787,1797,-10),
    (84,14,396,385,11),
    (85,20,1996,2015,-19),
    (86,3,776,788,-12),
    (87,4,1639,1656,-17),
    (88,13,1678,1694,-16),
    (89,14,1540,1525,15),
    (90,20,1576,1594,-18),
    (91,3,953,959,-6),
    (92,4,475,487,-12),
    (93,13,218,211,7),
    (94,14,920,900,20),
    (95,20,401,394,7),
    (96,3,646,626,20),
    (97,4,363,345,18),
    (98,13,1011,997,14),
    (99,14,1721,1720,1),
    (100,20,1918,1898,20);

INSERT INTO imprestverif VALUES
    (1,97,165,90,340,150,100,2,34,175,410),
    (2,9,170,30,380,500,300,20.5,94,80,250),
    (3,61,105,100,40,300,100,5.5,22,180,320),
    (4,39,160,80,280,300,0,23,8,60,80),
    (5,53,245,80,320,0,100,17.5,60,35,160),
    (6,29,205,90,80,0,0,14.5,38,50,430),
    (7,31,50,70,160,500,200,11,40,100,450),
    (8,29,240,70,80,0,0,19.5,94,235,70),
    (9,77,165,80,200,200,300,11,16,180,230),
    (10,74,130,70,280,150,200,20,18,25,290),
    (11,54,115,70,400,200,300,17,56,35,180),
    (12,36,145,0,140,150,300,17,96,205,180),
    (13,49,95,70,380,100,300,18,72,185,150),
    (14,82,250,0,360,100,300,4.5,42,55,240),
    (15,66,145,90,20,50,0,16.5,88,5,90),
    (16,90,100,60,100,50,200,4.5,54,50,90),
    (17,121,250,90,120,400,0,20,74,190,220),
    (18,71,40,20,60,100,300,8.5,38,15,300),
    (19,66,160,70,20,300,200,9.5,8,140,320),
    (20,12,155,40,0,500,100,5,10,0,370),
    (21,2,25,50,340,350,100,9.5,66,140,220),
    (22,58,145,50,280,450,200,15,22,95,0),
    (23,4,115,60,160,500,0,0.5,74,75,380),
    (24,42,125,30,320,200,200,11.5,32,100,120),
    (25,135,240,0,280,350,300,11.5,90,245,20),
    (26,99,230,70,400,350,300,12,64,70,430),
    (27,6,10,60,40,50,300,15,26,235,450),
    (28,46,25,0,400,300,100,18,6,250,270),
    (29,58,65,100,120,400,100,11.5,2,115,360),
    (30,47,80,30,0,500,100,5,52,135,230),
    (31,119,185,20,400,300,200,5,94,165,180),
    (32,106,155,90,220,400,200,20.5,88,35,190),
    (33,2,245,100,140,50,100,8,14,205,210),
    (34,101,85,20,300,450,100,10,68,75,260),
    (35,81,225,40,220,150,200,13.5,44,45,200),
    (36,135,205,10,160,0,300,7.5,100,175,360),
    (37,90,115,10,140,150,100,6,10,20,380),
    (38,115,195,20,220,250,100,8.5,40,60,40),
    (39,104,155,50,380,250,200,5.5,88,90,30),
    (40,20,15,10,80,500,100,20.5,32,15,490),
    (41,75,65,40,280,450,200,19,64,75,260),
    (42,63,135,80,240,350,300,3,60,35,490),
    (43,1,245,20,80,150,0,17.5,54,180,230),
    (44,59,190,100,80,400,0,12.5,32,5,470),
    (45,115,25,40,260,500,0,8.5,74,180,440),
    (46,52,20,40,200,450,0,9.5,0,40,490),
    (47,18,145,80,240,250,300,13.5,50,60,480),
    (48,148,160,70,20,450,300,1,50,80,440),
    (49,48,30,10,220,300,300,4,32,215,310),
    (50,106,240,50,40,350,200,4.5,74,185,300),
    (51,49,245,50,160,200,300,21,14,250,390),
    (52,11,0,90,340,150,100,18.5,26,135,290),
    (53,133,70,60,60,450,300,6,80,215,470),
    (54,110,40,50,40,150,0,10.5,52,25,220),
    (55,5,0,80,40,50,300,5,14,70,80),
    (56,68,60,80,260,250,0,14.5,62,135,40),
    (57,49,190,50,240,400,0,19.5,76,0,60),
    (58,18,25,10,120,100,0,2.5,10,60,120),
    (59,61,100,80,20,250,0,11.5,20,110,90),
    (60,140,215,40,280,150,0,6,86,155,30),
    (61,132,70,10,180,350,200,23,68,220,450),
    (62,120,230,100,140,50,200,14.5,28,220,430),
    (63,34,245,0,220,200,300,10,56,95,130),
    (64,137,110,90,160,300,300,17.5,14,105,20),
    (65,6,65,100,180,0,100,15.5,16,235,10),
    (66,64,120,0,40,450,200,25,8,0,400),
    (67,84,150,80,80,100,200,6,50,50,200),
    (68,83,195,30,80,100,300,4,28,15,140),
    (69,40,105,30,60,350,0,6.5,30,180,490),
    (70,141,160,100,80,100,100,15.5,42,80,470),
    (71,95,235,40,160,350,0,18,50,215,80),
    (72,95,80,50,400,450,200,2,26,235,330),
    (73,119,30,100,0,150,100,3,32,75,440),
    (74,145,105,80,140,250,200,2,18,210,160),
    (75,42,185,60,360,300,100,18.5,94,160,420),
    (76,37,150,90,40,450,300,21.5,8,135,20),
    (77,136,105,20,20,50,100,20.5,96,145,310),
    (78,74,175,0,40,450,300,23.5,56,60,280),
    (79,37,75,30,340,250,0,17.5,68,225,80),
    (80,127,45,60,220,150,200,10.5,72,220,410),
    (81,72,70,100,260,0,200,9.5,70,95,280),
    (82,120,85,10,60,500,300,24,94,145,390),
    (83,149,210,30,120,100,200,8.5,20,20,190),
    (84,123,120,90,100,150,100,19,4,65,340),
    (85,96,250,90,400,300,300,9,80,15,370),
    (86,122,45,20,60,0,0,17.5,2,180,40),
    (87,9,70,70,0,350,300,19,26,145,20),
    (88,41,250,0,40,500,200,22.5,6,210,170),
    (89,73,120,0,220,400,200,5.5,82,250,330),
    (90,85,55,60,80,150,300,2,40,105,170),
    (91,67,165,20,240,150,200,8.5,4,10,400),
    (92,146,185,90,400,150,0,10,10,195,130),
    (93,12,15,40,280,500,0,6.5,80,70,480),
    (94,73,235,10,0,500,300,19.5,98,140,50),
    (95,41,70,50,240,300,0,9.5,84,105,420),
    (96,95,95,70,340,300,100,9,96,120,450),
    (97,46,170,50,140,450,0,18,96,200,50),
    (98,48,200,40,240,200,0,18,82,205,350),
    (99,133,95,90,0,250,100,12,58,90,90),
    (100,38,115,40,360,450,300,8,68,25,60);

INSERT INTO dcr VALUES
    (1,3362),
    (2,2724),
    (3,4495),
    (4,3243),
    (5,79),
    (6,4988),
    (7,2420),
    (8,2406),
    (9,2350),
    (10,2876),
    (11,3675),
    (12,852),
    (13,3122),
    (14,905),
    (15,1098),
    (16,2966),
    (17,4582),
    (18,1734),
    (19,931),
    (20,154),
    (21,361),
    (22,187),
    (23,3675),
    (24,2882),
    (25,3998),
    (26,4448),
    (27,841),
    (28,2812),
    (29,3493),
    (30,18),
    (31,3522),
    (32,3963),
    (33,2903),
    (34,2910),
    (35,769),
    (36,4224),
    (37,1240),
    (38,3795),
    (39,3676),
    (40,3051),
    (41,1601),
    (42,4800),
    (43,4690),
    (44,2685),
    (45,4391),
    (46,4948),
    (47,1151),
    (48,3759),
    (49,2671),
    (50,4226),
    (51,2240),
    (52,1741),
    (53,194),
    (54,4709),
    (55,4528),
    (56,3260),
    (57,3408),
    (58,167),
    (59,3131),
    (60,997),
    (61,2795),
    (62,3095),
    (63,3001),
    (64,2486),
    (65,1221),
    (66,165),
    (67,3232),
    (68,1870),
    (69,2598),
    (70,3713),
    (71,1412),
    (72,4379),
    (73,3016),
    (74,2935),
    (75,4947),
    (76,1058),
    (77,3742),
    (78,4180),
    (79,1937),
    (80,1072),
    (81,850),
    (82,4859),
    (83,728),
    (84,713),
    (85,74),
    (86,229),
    (87,4436),
    (88,2122),
    (89,2402),
    (90,1543),
    (91,4819),
    (92,579),
    (93,1306),
    (94,2829),
    (95,3679),
    (96,2179),
    (97,1028),
    (98,1880),
    (99,4565),
    (100,3603);

INSERT INTO otc VALUES
    (384576938274,387061,'Benadryl','D15'),
    (182978336598,225338,'diphenhydramine','T72'),
    (123212345678,487370,'Vicks Nyquil D Cold and Flu Nighttime Relief','T38'),
    (886510916202,408940,'Vicks NyQuil Cold & Flu Nighttime Relief','S82'),
    (853688942212,416732,'chlorpheniramine','M28'),
    (767433580817,115377,'Coricidin HBP Cold & Flu','B63'),
    (755923003308,681501,'icks DayQuil Severe Cold & Flu','B65'),
    (338417268485,909834,'Tylenol Cold & Flu Severe','X82'),
    (806141701367,255291,'Vicks VapoRub','Y86'),
    (939723032325,767522,'Coricidin HBP Maximum Strength Flu','I81'),
    (238746198711,354829,'Theraflu Nighttime Severe Cold & Cough','P72'),
    (690079528420,503837,'acetaminophen','P75'),
    (629419580169,891342,'Sudafed PE Cold & Cough','P36'),
    (621974496813,567634,'Banophen','P87'),
    (244724132391,231105,'Benadryl Allergy Plus Cold','A17'),
    (682427326370,483478,'pseudoephedrine','R69'),
    (442526889958,795526,'Chlor-Trimeton','Y94'),
    (811569236550,912476,'Diphedryl	','U26'),
    (782378676731,812196,'Complete Allergy Relief','F11'),
    (134074854897,139506,'Tylenol Cold','G59'),
    (565760228209,281344,'Allermax','O86'),
    (430513933583,906983,'Bronkaid','Q82'),
    (750615878490,336243,'Dicopanol','E91'),
    (948730104568,329226,'Dytuss	','B91'),
    (412046147485,480575,'Mucinex Fast-Max Night Time Cold & Flu	','N58'),
    (230036308016,618523,'Scot-Tussin Allergy	','M48'),
    (425946258172,919952,'Siladryl Allergy	','L79'),
    (714606785620,745266,'Sudafed PE Sinus & Allergy	','G66'),
    (137905928918,748759,'Twilite	','Q51'),
    (403873510207,286580,'Tylenol Cold Multi-Symptom Severe	','W77'),
    (645516525566,293437,'Valu-Dryl	','E31'),
    (250361511023,219288,'Vanamine PD	','R95'),
    (109851281284,764915,'Virtussin DAC	','T19'),
    (807766694610,429081,'Benadryl Allergy Plus Sinus Headache	','Y47'),
    (111383082107,129568,'Primatene	','U50'),
    (860648106350,868356,'Aller-Chlor	','I71'),
    (772893995710,854380,'brompheniramine','I01'),
    (868138926697,550279,'Mucinex Fast-Max Severe Cold	','O51'),
    (622983881771,166411,'Mucinex Fast-Max Severe Congestion & Cold	','P42'),
    (861569686099,155750,'Sudafed PE Pressure+Pain+Cold	','A22'),
    (806709868097,424101,'Sudafed PE Severe Cold        ','S81'),
    (111855948812,271451,'Tylenol Cold Max Day	','D93'),
    (754367011867,158447,'Vicks NyQuil Cold & Flu Nighttime Relief (Alcohol Free)	','F43'),
    (326322313036,783016,'Wal-finate	','G90'),
    (442935469363,814139,'Actifed Cold and Allergy	','H48'),
    (894084970049,701700,'Advil Allergy Sinus	','J79'),
    (365907707112,713232,'Alka-Seltzer Plus Cold Formula Sparkling Original Effervescent Tablets	','K41'),
    (963952745475,186194,'Allergy Relief	','L81'),
    (851492664936,345045,'Aprodine	','Z75'),
    (327343991371,333841,'C.P.M.	','X98'),
    (443384230301,767142,'Cheratussin DAC	','C46'),
    (271951847270,200380,'Chlo-Amine	','V16'),
    (256743696801,323282,'Chlor-Mal	','B70'),
    (264399516606,204883,'ChlorTan	','B62'),
    (234409456300,968153,'Drixoral Cold and Allergy	','N53'),
    (960054344096,307022,'Ed-Chlortan	','M43'),
    (918964440124,223413,'Ed A-Hist	','Q79'),
    (447030218902,581572,'Ed ChlorPed	','W57'),
    (559190916817,449792,'Ed Chlor Ped Jr.	','E33'),
    (574715846208,935653,'Robitussin Peak Cold Nighttime Nasal Relief	','R29'),
    (639553084955,998923,'Theraflu Daytime Severe Cold & Cough	','T85'),
    (137177442605,380722,'Tylenol Cold Multi-Symptom Nighttime	','Y44'),
    (967249541590,544622,'Advil Congestion Relief	','U98'),
    (476144578059,507748,'Advil Sinus Congestion & Pain	','I61'),
    (847153289634,903567,'Ala-Hist PE	','O46'),
    (151320303590,149994,'Alka-Seltzer Plus-D Multi-Symptom Sinus & Cold Liquid Gels	','P29'),
    (495194453660,617811,'Allergy Multi-Symptom	','A61'),
    (339411075722,909028,'Biotussin DAC	','S21'),
    (232486545543,353386,'Bromatan Plus	','D23'),
    (706386610058,627468,'Bromax	','F82'),
    (963953593402,239110,'camphor	','G79'),
    (540842555244,677838,'Capron DM	','H87'),
    (258219863957,344112,'Children''s Triacting Night Time	','J78'),
    (524316333590,611466,'Childrens Tylenol Cold Plus Cough	','J42'),
    (789367810274,886840,'Chlo Hist	','K16'),
    (800115955353,503129,'Cold Multi-Symptom (Nighttime)	','L88'),
    (511551997136,818783,'Comtrex Cold and Cough Maximum Strength	','Z24'),
    (921875711317,714617,'Comtrex Cold and Flu Maximum Strength Tablet	','X86'),
    (216184312407,904556,'Contac Cold + Flu (Night Formula)	','C21'),
    (166248912628,359220,'Delsym Cough+ Cold Day Time	','V72'),
    (551815318068,717627,'Delsym Cough+ Cold Night Time	','B21'),
    (496662368910,521594,'Deltuss DMX	','N47'),
    (104749300257,517747,'Dologen	','M37'),
    (555827959264,206102,'Dristan Cold Multi Symptom Formula	','Q28'),
    (331502878582,517866,'Flutabs	','W30'),
    (501027542573,922914,'Ninjacof	','E72'),
    (390985788030,579350,'Norel AD	','R58'),
    (571763824998,598103,'Poly Hist Forte	','T36'),
    (977917367833,905273,'Sinus & Allergy PE	','T48'),
    (754357913557,412006,'Sudafed PE Head Congestion + Pain	','Y47'),
    (387596410147,202124,'Sudafed PE Pressure+Pain+Cough	','U93'),
    (986283436009,643713,'Theraflu Flu & Sore Throat	','I51'),
    (134218621396,590115,'Theraflu Nighttime Severe Cold & Cough Caplets	','O92'),
    (869932086712,530044,'Theraflu Sinus & Cold	','P33'),
    (974616472447,368816,'Theraflu Warming Relief Daytime Severe Cold & Cough	','A21'),
    (987271305314,796471,'Theraflu Warming Relief Nighttime Severe Cold & Cough	','9S5'),
    (220252291635,242909,'Triaminic Multi-Symptom Fever	','D49'),
    (483651379291,408860,'Tylenol Children’s Cold + Cough + Runny Nose	','T32'),
    (420442382512,501213,'Tylenol Children’s Cold + Flu	','Y55'),
    (563588834395,638742,'Tylenol Cold & Cough Nighttime','G36');

INSERT INTO nonotc VALUES
    (745050622374,772824,'Lays Chips'),
    (897134402432,907089,'Doritos'),
    (652891333616,639547,'Funions'),
    (185011186156,543009,'Pistachios'),
    (383007417215,772939,'Salted Cashews'),
    (294765574392,802938,'Lightly Salted Cashews'),
    (953744633965,520655,'Peanuts'),
    (238381069454,798887,'Honey Roasted Peanuts'),
    (308137221549,639223,'Almonds'),
    (403841430353,869322,'Toasted Almonds'),
    (186070313474,756195,'Popcorn'),
    (198831402247,233473,'Charmin Ultra Soft'),
    (951626289750,866970,'Charmin Ultra Strong'),
    (313316039442,453224,'Cottonelle'),
    (762216910597,755824,'Coca Cola 12 Pack'),
    (531337849922,407748,'Pepsi 2 Liter'),
    (167540669637,864825,'Mtn Dew 12 Pack'),
    (249168123049,846303,'A&W Root Beer 2 Liter'),
    (518054579004,802517,'Frisikies Chiken Patte'),
    (985922354938,111600,'Lysol Bleach'),
    (994960310489,910084,'Febreeze Ocean Spray'),
    (121184465430,199698,'Command 3M Hooks'),
    (405216279010,730803,'Tide Pods'),
    (853430756573,725940,'Gain Pods'),
    (456183427295,478633,'Tide With Oxi Clean'),
    (657167814812,965095,'Gain With Febreeze Fresh'),
    (673882643090,978401,'Febreeze Car Freshener'),
    (742738423946,589947,'Sour Patch Kids'),
    (273185894967,720787,'Starburst'),
    (195390973552,997538,'Haribo Gummy Bears'),
    (492845439310,297082,'Brachs Lemon Drops'),
    (997512547996,130253,'Twizzlers'),
    (356885617385,580408,'Skittles'),
    (456836353421,382812,'Reeses Cups'),
    (585790420059,217490,'Hersheys Bar'),
    (524931458973,448727,'Crunch Bar'),
    (152389004133,527928,'Twix'),
    (254689912959,225391,'KitKat'),
    (743894549023,492241,'Butter Finger'),
    (175818405322,322309,'Oreo Cookies'),
    (297987908585,889623,'Hersheys Kisses'),
    (697875519875,963794,'GE 60 Watt Light Bulbs'),
    (683358951409,430483,'Head and Shoulders Shampoo'),
    (525759830174,704775,'Head and Shoulders Conditioner'),
    (371332714737,298510,'Dove Shampoo'),
    (764719718140,342952,'Dove Conditioner'),
    (428082677993,505165,'Pantene Shampoo'),
    (595716490089,910573,'Pantene Conditioner'),
    (685190065100,783294,'Shea Moisture Conditioner'),
    (833037347559,522895,'Colgate Freshmint'),
    (565611647204,798081,'Colgate Twin Pack'),
    (107313929059,380607,'Colgate Spearmint'),
    (394943457188,261330,'Colgate Peppermint'),
    (484927837466,757953,'Crest Frshmint'),
    (892618691836,595134,'Crest Twin Pack'),
    (288613842436,957216,'Crest Spearmint'),
    (659934184162,107796,'Crest Peppermint'),
    (357455551407,455381,'Sensodyne Fresh Breath'),
    (143072565402,573411,'Colgate Mouth Wash'),
    (513637870143,343541,'Crest Mouth Wash'),
    (635147240712,986636,'Listerine Mouth Wash'),
    (632478937313,807857,'Listerine Breath Strips'),
    (206577809208,757025,'Gillette Razor'),
    (333211718290,908727,'Gillete 5 Blade Razor'),
    (684277693954,464088,'Venus Razor'),
    (412813779884,890613,'Venus 5 Blade Razor'),
    (824134344431,704790,'Gillete 5 Blade Refill'),
    (166937751735,323581,'Venus 5 Blade Refill'),
    (933136695832,865589,'Axe Body Spray'),
    (172545742961,517283,'Old Spice '),
    (616644902375,817271,'Old Spice Twin Pack'),
    (790776329585,119090,'Harry''s Stone Deodorant '),
    (818146699933,954936,'Harry''s Redwood Deodorant '),
    (101604711958,504847,'Dove Deodorant '),
    (533110591798,137746,'Dove Twin Pack Deodorant '),
    (523642546373,211124,'Native Deodorant '),
    (565544696076,866859,'Secret Lavender Deodorant '),
    (213833548531,313925,'Nair'),
    (269746213409,937640,'Neutrogena Facial Cleanser'),
    (842676442240,976797,'Neutrogena Moisturizer'),
    (878392866403,238886,'Olay Facial Cleanser'),
    (746562808616,395868,'Olay Moisturizer'),
    (383300325334,585479,'Garnier Toner'),
    (976633038445,927855,'Garnier Makeup Remover'),
    (680685589005,162788,'Aveeno Body Lotion'),
    (331904790146,897203,'Eucerin Body Lotion'),
    (156648190917,157948,'Nivea Body Lotion'),
    (790250263342,617637,'Jergens Lotion'),
    (473609321587,506574,'Aquaphor Hand Cream'),
    (962829321287,689775,'Axe Body Wash'),
    (725995773566,776323,'Old Spice Body Wash'),
    (787985517237,426134,'Dove Body Wash'),
    (686573947731,931177,'Dove Lavender Body Wash'),
    (148341668358,899621,'Softsoap Aloe Vera Soap'),
    (447205527520,626628,'Irish Spring Body Wash'),
    (986041835106,514721,'Differen Foaming Cleanser'),
    (485557696138,839277,'Bananna Boat SPF 30'),
    (191109397405,640623,'Bananna Boat SPF 50'),
    (337368713946,706222,'Coppertone SPF 30'),
    (736228125415,405190,'Coppertone SPF 50');

INSERT INTO otcprice VALUES
    (384576938274,384576938274,'2022-03-05 00:00:00'),
    (182978336598,182978336598,'2022-02-18 00:00:00'),
    (123212345678,123212345678,'2022-04-09 00:00:00'),
    (886510916202,886510916202,'2022-06-11 00:00:00'),
    (853688942212,853688942212,'2022-05-21 00:00:00'),
    (767433580817,767433580817,'2022-10-27 00:00:00'),
    (755923003308,755923003308,'2022-02-06 00:00:00'),
    (338417268485,338417268485,'2022-05-14 00:00:00'),
    (806141701367,806141701367,'2022-02-04 00:00:00'),
    (939723032325,939723032325,'2022-08-01 00:00:00'),
    (238746198711,238746198711,'2022-03-17 00:00:00'),
    (690079528420,690079528420,'2022-09-30 00:00:00'),
    (629419580169,629419580169,'2022-06-06 00:00:00'),
    (621974496813,621974496813,'2022-02-20 00:00:00'),
    (244724132391,244724132391,'2022-01-26 00:00:00'),
    (682427326370,682427326370,'2022-08-08 00:00:00'),
    (442526889958,442526889958,'2022-07-30 00:00:00'),
    (811569236550,811569236550,'2022-08-04 00:00:00'),
    (782378676731,782378676731,'2022-04-17 00:00:00'),
    (134074854897,134074854897,'2022-12-20 00:00:00'),
    (565760228209,565760228209,'2022-01-26 00:00:00'),
    (430513933583,430513933583,'2022-11-03 00:00:00'),
    (750615878490,750615878490,'2022-06-13 00:00:00'),
    (948730104568,948730104568,'2022-01-14 00:00:00'),
    (412046147485,412046147485,'2022-09-12 00:00:00'),
    (230036308016,230036308016,'2022-08-14 00:00:00'),
    (425946258172,425946258172,'2022-10-20 00:00:00'),
    (714606785620,714606785620,'2022-06-03 00:00:00'),
    (137905928918,137905928918,'2022-10-13 00:00:00'),
    (403873510207,403873510207,'2022-06-11 00:00:00'),
    (645516525566,645516525566,'2022-09-28 00:00:00'),
    (250361511023,250361511023,'2022-04-23 00:00:00'),
    (109851281284,109851281284,'2022-09-21 00:00:00'),
    (807766694610,807766694610,'2022-04-22 00:00:00'),
    (111383082107,111383082107,'2022-02-19 00:00:00'),
    (860648106350,860648106350,'2022-02-19 00:00:00'),
    (772893995710,772893995710,'2022-07-17 00:00:00'),
    (868138926697,868138926697,'2022-11-04 00:00:00'),
    (622983881771,622983881771,'2022-03-25 00:00:00'),
    (861569686099,861569686099,'2022-12-11 00:00:00'),
    (806709868097,806709868097,'2022-07-25 00:00:00'),
    (111855948812,111855948812,'2022-09-29 00:00:00'),
    (754367011867,754367011867,'2022-04-16 00:00:00'),
    (326322313036,326322313036,'2022-02-25 00:00:00'),
    (442935469363,442935469363,'2022-02-16 00:00:00'),
    (894084970049,894084970049,'2022-09-10 00:00:00'),
    (365907707112,365907707112,'2022-07-28 00:00:00'),
    (963952745475,963952745475,'2022-05-08 00:00:00'),
    (851492664936,851492664936,'2022-09-16 00:00:00'),
    (327343991371,327343991371,'2022-09-02 00:00:00'),
    (443384230301,443384230301,'2022-11-06 00:00:00'),
    (271951847270,271951847270,'2022-01-27 00:00:00'),
    (256743696801,256743696801,'2022-09-18 00:00:00'),
    (264399516606,264399516606,'2022-08-19 00:00:00'),
    (234409456300,234409456300,'2022-03-27 00:00:00'),
    (960054344096,960054344096,'2022-10-21 00:00:00'),
    (918964440124,918964440124,'2022-09-18 00:00:00'),
    (447030218902,447030218902,'2022-07-13 00:00:00'),
    (559190916817,559190916817,'2022-08-29 00:00:00'),
    (574715846208,574715846208,'2022-05-29 00:00:00'),
    (639553084955,639553084955,'2022-10-30 00:00:00'),
    (137177442605,137177442605,'2022-07-08 00:00:00'),
    (967249541590,967249541590,'2022-01-03 00:00:00'),
    (476144578059,476144578059,'2022-02-06 00:00:00'),
    (847153289634,847153289634,'2022-07-16 00:00:00'),
    (151320303590,151320303590,'2022-08-31 00:00:00'),
    (495194453660,495194453660,'2022-07-19 00:00:00'),
    (339411075722,339411075722,'2022-06-27 00:00:00'),
    (232486545543,232486545543,'2022-03-23 00:00:00'),
    (706386610058,706386610058,'2022-12-01 00:00:00'),
    (963953593402,963953593402,'2022-01-22 00:00:00'),
    (540842555244,540842555244,'2022-10-02 00:00:00'),
    (258219863957,258219863957,'2022-05-05 00:00:00'),
    (524316333590,524316333590,'2022-01-27 00:00:00'),
    (789367810274,789367810274,'2022-09-08 00:00:00'),
    (800115955353,800115955353,'2022-01-01 00:00:00'),
    (511551997136,511551997136,'2022-04-09 00:00:00'),
    (921875711317,921875711317,'2022-07-27 00:00:00'),
    (216184312407,216184312407,'2022-05-18 00:00:00'),
    (166248912628,166248912628,'2022-12-06 00:00:00'),
    (551815318068,551815318068,'2022-06-25 00:00:00'),
    (496662368910,496662368910,'2022-06-21 00:00:00'),
    (104749300257,104749300257,'2022-07-23 00:00:00'),
    (555827959264,555827959264,'2022-06-08 00:00:00'),
    (331502878582,331502878582,'2022-11-15 00:00:00'),
    (501027542573,501027542573,'2022-07-22 00:00:00'),
    (390985788030,390985788030,'2022-06-27 00:00:00'),
    (571763824998,571763824998,'2022-07-11 00:00:00'),
    (977917367833,977917367833,'2022-11-16 00:00:00'),
    (754357913557,754357913557,'2022-08-24 00:00:00'),
    (387596410147,387596410147,'2022-07-24 00:00:00'),
    (986283436009,986283436009,'2022-12-04 00:00:00'),
    (134218621396,134218621396,'2022-01-25 00:00:00'),
    (869932086712,869932086712,'2022-05-13 00:00:00'),
    (974616472447,974616472447,'2022-10-25 00:00:00'),
    (987271305314,987271305314,'2022-01-03 00:00:00'),
    (220252291635,220252291635,'2022-12-15 00:00:00'),
    (483651379291,483651379291,'2022-04-15 00:00:00'),
    (420442382512,420442382512,'2022-09-08 00:00:00'),
    (563588834395,563588834395,'2022-05-09 00:00:00');

INSERT INTO nonotcprice VALUES
    (745050622374,745050622374,'2022-05-03 00:00:00'),
    (897134402432,897134402432,'2022-08-17 00:00:00'),
    (652891333616,652891333616,'2022-09-26 00:00:00'),
    (185011186156,185011186156,'2022-06-17 00:00:00'),
    (383007417215,383007417215,'2022-02-10 00:00:00'),
    (294765574392,294765574392,'2022-05-03 00:00:00'),
    (953744633965,953744633965,'2022-08-13 00:00:00'),
    (238381069454,238381069454,'2022-07-16 00:00:00'),
    (308137221549,308137221549,'2022-10-27 00:00:00'),
    (403841430353,403841430353,'2022-07-16 00:00:00'),
    (186070313474,186070313474,'2022-02-26 00:00:00'),
    (198831402247,198831402247,'2022-05-14 00:00:00'),
    (951626289750,951626289750,'2022-04-13 00:00:00'),
    (313316039442,313316039442,'2022-02-23 00:00:00'),
    (762216910597,762216910597,'2022-11-13 00:00:00'),
    (531337849922,531337849922,'2022-10-04 00:00:00'),
    (167540669637,167540669637,'2022-08-12 00:00:00'),
    (249168123049,249168123049,'2022-01-31 00:00:00'),
    (518054579004,518054579004,'2022-11-23 00:00:00'),
    (985922354938,985922354938,'2022-01-15 00:00:00'),
    (994960310489,994960310489,'2022-07-14 00:00:00'),
    (121184465430,121184465430,'2022-04-07 00:00:00'),
    (405216279010,405216279010,'2022-08-24 00:00:00'),
    (853430756573,853430756573,'2022-08-07 00:00:00'),
    (456183427295,456183427295,'2022-01-09 00:00:00'),
    (657167814812,657167814812,'2022-08-15 00:00:00'),
    (673882643090,673882643090,'2022-11-09 00:00:00'),
    (742738423946,742738423946,'2022-03-06 00:00:00'),
    (273185894967,273185894967,'2022-10-01 00:00:00'),
    (195390973552,195390973552,'2022-08-18 00:00:00'),
    (492845439310,492845439310,'2022-08-31 00:00:00'),
    (997512547996,997512547996,'2022-02-08 00:00:00'),
    (356885617385,356885617385,'2022-09-18 00:00:00'),
    (456836353421,456836353421,'2022-08-04 00:00:00'),
    (585790420059,585790420059,'2022-11-18 00:00:00'),
    (524931458973,524931458973,'2022-07-12 00:00:00'),
    (152389004133,152389004133,'2022-02-23 00:00:00'),
    (254689912959,254689912959,'2022-07-06 00:00:00'),
    (743894549023,743894549023,'2022-05-13 00:00:00'),
    (175818405322,175818405322,'2022-02-09 00:00:00'),
    (297987908585,297987908585,'2022-08-19 00:00:00'),
    (697875519875,697875519875,'2022-09-29 00:00:00'),
    (683358951409,683358951409,'2022-01-20 00:00:00'),
    (525759830174,525759830174,'2022-04-23 00:00:00'),
    (371332714737,371332714737,'2022-02-12 00:00:00'),
    (764719718140,764719718140,'2022-09-07 00:00:00'),
    (428082677993,428082677993,'2022-12-26 00:00:00'),
    (595716490089,595716490089,'2022-03-02 00:00:00'),
    (685190065100,685190065100,'2022-07-04 00:00:00'),
    (833037347559,833037347559,'2022-09-20 00:00:00'),
    (565611647204,565611647204,'2022-04-18 00:00:00'),
    (107313929059,107313929059,'2022-09-30 00:00:00'),
    (394943457188,394943457188,'2022-04-16 00:00:00'),
    (484927837466,484927837466,'2022-05-08 00:00:00'),
    (892618691836,892618691836,'2022-02-23 00:00:00'),
    (288613842436,288613842436,'2022-11-01 00:00:00'),
    (659934184162,659934184162,'2022-09-18 00:00:00'),
    (357455551407,357455551407,'2022-10-21 00:00:00'),
    (143072565402,143072565402,'2022-03-08 00:00:00'),
    (513637870143,513637870143,'2022-03-17 00:00:00'),
    (635147240712,635147240712,'2022-10-27 00:00:00'),
    (632478937313,632478937313,'2022-10-15 00:00:00'),
    (206577809208,206577809208,'2022-01-14 00:00:00'),
    (333211718290,333211718290,'2022-10-27 00:00:00'),
    (684277693954,684277693954,'2022-11-02 00:00:00'),
    (412813779884,412813779884,'2022-01-03 00:00:00'),
    (824134344431,824134344431,'2022-05-09 00:00:00'),
    (166937751735,166937751735,'2022-07-25 00:00:00'),
    (933136695832,933136695832,'2022-04-06 00:00:00'),
    (172545742961,172545742961,'2022-12-02 00:00:00'),
    (616644902375,616644902375,'2022-08-02 00:00:00'),
    (790776329585,790776329585,'2022-10-14 00:00:00'),
    (818146699933,818146699933,'2022-03-24 00:00:00'),
    (101604711958,101604711958,'2022-10-03 00:00:00'),
    (533110591798,533110591798,'2022-11-19 00:00:00'),
    (523642546373,523642546373,'2022-09-11 00:00:00'),
    (565544696076,565544696076,'2022-07-23 00:00:00'),
    (213833548531,213833548531,'2022-04-15 00:00:00'),
    (269746213409,269746213409,'2022-04-16 00:00:00'),
    (842676442240,842676442240,'2022-10-31 00:00:00'),
    (878392866403,878392866403,'2022-05-20 00:00:00'),
    (746562808616,746562808616,'2022-11-04 00:00:00'),
    (383300325334,383300325334,'2022-07-03 00:00:00'),
    (976633038445,976633038445,'2022-04-15 00:00:00'),
    (680685589005,680685589005,'2022-12-26 00:00:00'),
    (331904790146,331904790146,'2022-03-10 00:00:00'),
    (156648190917,156648190917,'2022-07-12 00:00:00'),
    (790250263342,790250263342,'2022-12-24 00:00:00'),
    (473609321587,473609321587,'2022-12-31 00:00:00'),
    (962829321287,962829321287,'2022-06-15 00:00:00'),
    (725995773566,725995773566,'2022-07-21 00:00:00'),
    (787985517237,787985517237,'2022-05-14 00:00:00'),
    (686573947731,686573947731,'2022-02-16 00:00:00'),
    (148341668358,148341668358,'2022-11-17 00:00:00'),
    (447205527520,447205527520,'2022-07-08 00:00:00'),
    (986041835106,986041835106,'2022-02-25 00:00:00'),
    (485557696138,485557696138,'2022-11-28 00:00:00'),
    (191109397405,191109397405,'2022-05-24 00:00:00'),
    (337368713946,337368713946,'2022-01-07 00:00:00'),
    (736228125415,736228125415,'2022-03-06 00:00:00');

INSERT INTO prescriptionprice VALUES
    (449320685099,449320685099,'2022-12-24 00:00:00'),
    (645455051640,645455051640,'2022-04-19 00:00:00'),
    (379897022354,379897022354,'2022-10-25 00:00:00'),
    (478860910954,478860910954,'2022-11-10 00:00:00'),
    (157975739289,157975739289,'2022-09-28 00:00:00'),
    (127804588993,127804588993,'2022-04-04 00:00:00'),
    (100434057943,100434057943,'2022-08-28 00:00:00'),
    (181406148269,181406148269,'2022-06-25 00:00:00'),
    (503736186196,503736186196,'2022-12-22 00:00:00'),
    (815238645903,815238645903,'2022-09-21 00:00:00'),
    (762380154823,762380154823,'2022-03-14 00:00:00'),
    (878345726914,878345726914,'2022-01-30 00:00:00'),
    (896740720819,896740720819,'2022-07-02 00:00:00'),
    (456361826124,456361826124,'2022-04-18 00:00:00'),
    (118345379688,118345379688,'2022-06-15 00:00:00'),
    (479108482322,479108482322,'2022-05-10 00:00:00'),
    (635115213213,635115213213,'2022-01-12 00:00:00'),
    (797137522358,797137522358,'2022-03-26 00:00:00'),
    (926949473586,926949473586,'2022-03-30 00:00:00'),
    (486100182822,486100182822,'2022-10-21 00:00:00'),
    (191337523204,191337523204,'2022-01-26 00:00:00'),
    (456007708710,456007708710,'2022-09-21 00:00:00'),
    (494449728026,494449728026,'2022-09-19 00:00:00'),
    (795774984488,795774984488,'2022-08-27 00:00:00'),
    (458522567814,458522567814,'2022-05-22 00:00:00'),
    (716268096268,716268096268,'2022-09-26 00:00:00'),
    (871927653418,871927653418,'2022-08-09 00:00:00'),
    (628625943268,628625943268,'2022-03-10 00:00:00'),
    (969073432051,969073432051,'2022-03-31 00:00:00'),
    (460860663119,460860663119,'2022-08-04 00:00:00'),
    (832027233189,832027233189,'2022-01-10 00:00:00'),
    (541203336592,541203336592,'2022-09-02 00:00:00'),
    (184244263061,184244263061,'2022-05-23 00:00:00'),
    (151975663139,151975663139,'2022-09-20 00:00:00'),
    (970356907210,970356907210,'2022-09-17 00:00:00'),
    (508890619074,508890619074,'2022-02-09 00:00:00'),
    (648532184868,648532184868,'2022-02-20 00:00:00'),
    (784557881386,784557881386,'2022-04-08 00:00:00'),
    (258583595423,258583595423,'2022-05-26 00:00:00'),
    (571828637344,571828637344,'2022-07-27 00:00:00'),
    (421726952336,421726952336,'2022-11-23 00:00:00'),
    (703059734190,703059734190,'2022-02-23 00:00:00'),
    (482213105641,482213105641,'2022-04-20 00:00:00'),
    (321659167454,321659167454,'2022-06-23 00:00:00'),
    (709308698383,709308698383,'2022-09-30 00:00:00'),
    (819459751829,819459751829,'2022-10-22 00:00:00'),
    (921498990289,921498990289,'2022-07-25 00:00:00'),
    (357783851300,357783851300,'2022-04-10 00:00:00'),
    (520624477270,520624477270,'2022-10-26 00:00:00'),
    (145842476914,145842476914,'2022-07-31 00:00:00'),
    (272733387170,272733387170,'2022-09-26 00:00:00'),
    (616703470533,616703470533,'2022-02-16 00:00:00'),
    (557821130766,557821130766,'2022-07-24 00:00:00'),
    (870563253564,870563253564,'2022-08-23 00:00:00'),
    (493717972361,493717972361,'2022-06-03 00:00:00'),
    (421880979223,421880979223,'2022-11-12 00:00:00'),
    (217751431264,217751431264,'2022-02-17 00:00:00'),
    (664713242323,664713242323,'2022-10-10 00:00:00'),
    (249871880478,249871880478,'2022-06-18 00:00:00'),
    (266323461514,266323461514,'2022-03-14 00:00:00'),
    (759172554791,759172554791,'2022-08-09 00:00:00'),
    (128783273757,128783273757,'2022-12-04 00:00:00'),
    (860725467034,860725467034,'2022-02-21 00:00:00'),
    (184162172457,184162172457,'2022-05-23 00:00:00'),
    (463902654568,463902654568,'2022-11-18 00:00:00'),
    (914771515055,914771515055,'2022-03-04 00:00:00'),
    (149546802601,149546802601,'2022-03-21 00:00:00'),
    (343980549463,343980549463,'2022-11-26 00:00:00'),
    (836045909940,836045909940,'2022-08-24 00:00:00'),
    (546917024070,546917024070,'2022-02-17 00:00:00'),
    (544695219143,544695219143,'2022-09-20 00:00:00'),
    (273624994556,273624994556,'2022-03-23 00:00:00'),
    (954058894601,954058894601,'2022-01-27 00:00:00'),
    (579907981242,579907981242,'2022-01-20 00:00:00'),
    (586927962193,586927962193,'2022-11-29 00:00:00'),
    (793907581450,793907581450,'2022-02-01 00:00:00'),
    (376009856424,376009856424,'2022-06-24 00:00:00'),
    (561982009724,561982009724,'2022-10-02 00:00:00'),
    (185843999787,185843999787,'2022-12-10 00:00:00'),
    (337381611075,337381611075,'2022-06-04 00:00:00'),
    (621558076486,621558076486,'2022-06-05 00:00:00'),
    (855765162756,855765162756,'2022-05-02 00:00:00'),
    (877562439734,877562439734,'2022-04-03 00:00:00'),
    (259745690097,259745690097,'2022-01-17 00:00:00'),
    (972620763026,972620763026,'2022-07-10 00:00:00'),
    (304127299475,304127299475,'2022-03-18 00:00:00'),
    (983956253524,983956253524,'2022-01-15 00:00:00'),
    (872060840063,872060840063,'2022-09-17 00:00:00'),
    (595315601806,595315601806,'2022-05-20 00:00:00'),
    (505629362183,505629362183,'2022-02-24 00:00:00'),
    (349263719782,349263719782,'2022-07-23 00:00:00'),
    (216014369371,216014369371,'2022-05-30 00:00:00'),
    (196611815513,196611815513,'2022-02-08 00:00:00'),
    (786779905127,786779905127,'2022-04-15 00:00:00'),
    (557735643645,557735643645,'2022-07-13 00:00:00'),
    (585267141605,585267141605,'2022-01-07 00:00:00'),
    (604131237851,604131237851,'2022-11-16 00:00:00'),
    (616615620053,616615620053,'2022-10-21 00:00:00'),
    (225711416741,225711416741,'2022-04-22 00:00:00'),
    (466966959049,466966959049,'2022-02-15 00:00:00');

INSERT INTO deposits VALUES
    (1,1,'2022-03-16 00:00:00'),
    (2,2,'2022-09-27 00:00:00'),
    (3,3,'2022-01-03 00:00:00'),
    (4,4,'2022-09-26 00:00:00'),
    (5,5,'2022-09-28 00:00:00'),
    (6,6,'2022-09-29 00:00:00'),
    (7,7,'2022-05-27 00:00:00'),
    (8,8,'2022-10-26 00:00:00'),
    (9,9,'2022-07-03 00:00:00'),
    (10,10,'2022-11-18 00:00:00'),
    (11,11,'2022-11-07 00:00:00'),
    (12,12,'2022-01-24 00:00:00'),
    (13,13,'2022-10-08 00:00:00'),
    (14,14,'2022-07-14 00:00:00'),
    (15,15,'2022-03-11 00:00:00'),
    (16,16,'2022-01-27 00:00:00'),
    (17,17,'2022-01-13 00:00:00'),
    (18,18,'2022-04-04 00:00:00'),
    (19,19,'2022-03-06 00:00:00'),
    (20,20,'2022-03-04 00:00:00'),
    (21,21,'2022-10-03 00:00:00'),
    (22,22,'2022-01-22 00:00:00'),
    (23,23,'2022-08-30 00:00:00'),
    (24,24,'2022-06-05 00:00:00'),
    (25,25,'2022-10-21 00:00:00'),
    (26,26,'2022-10-06 00:00:00'),
    (27,27,'2022-06-12 00:00:00'),
    (28,28,'2022-01-09 00:00:00'),
    (29,29,'2022-02-11 00:00:00'),
    (30,30,'2022-06-21 00:00:00'),
    (31,31,'2022-06-11 00:00:00'),
    (32,32,'2022-01-27 00:00:00'),
    (33,33,'2022-01-26 00:00:00'),
    (34,34,'2022-10-20 00:00:00'),
    (35,35,'2022-07-23 00:00:00'),
    (36,36,'2022-01-24 00:00:00'),
    (37,37,'2022-11-11 00:00:00'),
    (38,38,'2022-07-06 00:00:00'),
    (39,39,'2022-06-25 00:00:00'),
    (40,40,'2022-08-22 00:00:00'),
    (41,41,'2022-04-15 00:00:00'),
    (42,42,'2022-04-28 00:00:00'),
    (43,43,'2022-05-26 00:00:00'),
    (44,44,'2022-03-03 00:00:00'),
    (45,45,'2022-01-09 00:00:00'),
    (46,46,'2022-04-15 00:00:00'),
    (47,47,'2022-07-07 00:00:00'),
    (48,48,'2022-06-20 00:00:00'),
    (49,49,'2022-11-03 00:00:00'),
    (50,50,'2022-10-31 00:00:00'),
    (51,51,'2022-02-03 00:00:00'),
    (52,52,'2022-07-01 00:00:00'),
    (53,53,'2022-10-23 00:00:00'),
    (54,54,'2022-08-13 00:00:00'),
    (55,55,'2022-09-28 00:00:00'),
    (56,56,'2022-04-09 00:00:00'),
    (57,57,'2022-01-14 00:00:00'),
    (58,58,'2022-10-03 00:00:00'),
    (59,59,'2022-06-30 00:00:00'),
    (60,60,'2022-03-14 00:00:00'),
    (61,61,'2022-02-12 00:00:00'),
    (62,62,'2022-07-12 00:00:00'),
    (63,63,'2022-04-25 00:00:00'),
    (64,64,'2022-03-02 00:00:00'),
    (65,65,'2022-01-21 00:00:00'),
    (66,66,'2022-09-11 00:00:00'),
    (67,67,'2022-08-17 00:00:00'),
    (68,68,'2022-01-31 00:00:00'),
    (69,69,'2022-02-21 00:00:00'),
    (70,70,'2022-07-15 00:00:00'),
    (71,71,'2022-06-26 00:00:00'),
    (72,72,'2022-05-12 00:00:00'),
    (73,73,'2022-10-12 00:00:00'),
    (74,74,'2022-07-01 00:00:00'),
    (75,75,'2022-02-10 00:00:00'),
    (76,76,'2022-09-19 00:00:00'),
    (77,77,'2022-03-26 00:00:00'),
    (78,78,'2022-09-22 00:00:00'),
    (79,79,'2022-08-15 00:00:00'),
    (80,80,'2022-01-18 00:00:00'),
    (81,81,'2022-09-14 00:00:00'),
    (82,82,'2022-03-01 00:00:00'),
    (83,83,'2022-11-02 00:00:00'),
    (84,84,'2022-07-26 00:00:00'),
    (85,85,'2022-03-23 00:00:00'),
    (86,86,'2022-11-08 00:00:00'),
    (87,87,'2022-05-25 00:00:00'),
    (88,88,'2022-04-16 00:00:00'),
    (89,89,'2022-05-17 00:00:00'),
    (90,90,'2022-12-31 00:00:00'),
    (91,91,'2022-05-03 00:00:00'),
    (92,92,'2022-02-08 00:00:00'),
    (93,93,'2022-11-26 00:00:00'),
    (94,94,'2022-12-06 00:00:00'),
    (95,95,'2022-10-23 00:00:00'),
    (96,96,'2022-11-24 00:00:00'),
    (97,97,'2022-01-16 00:00:00'),
    (98,98,'2022-07-23 00:00:00'),
    (99,99,'2022-08-30 00:00:00'),
    (100,100,'2022-01-28 00:00:00');

INSERT INTO verifysdrawer VALUES
    (1,1,'2022-10-20 00:00:00'),
    (2,2,'2022-02-24 00:00:00'),
    (3,3,'2022-01-27 00:00:00'),
    (4,4,'2022-11-04 00:00:00'),
    (5,5,'2022-12-03 00:00:00'),
    (6,6,'2022-01-05 00:00:00'),
    (7,7,'2022-11-10 00:00:00'),
    (8,8,'2022-09-01 00:00:00'),
    (9,9,'2022-08-03 00:00:00'),
    (10,10,'2022-05-01 00:00:00'),
    (11,11,'2022-10-12 00:00:00'),
    (12,12,'2022-12-03 00:00:00'),
    (13,13,'2022-11-08 00:00:00'),
    (14,14,'2022-09-25 00:00:00'),
    (15,15,'2022-01-06 00:00:00'),
    (16,16,'2022-10-26 00:00:00'),
    (17,17,'2022-11-29 00:00:00'),
    (18,18,'2022-12-29 00:00:00'),
    (19,19,'2022-12-15 00:00:00'),
    (20,20,'2022-03-30 00:00:00'),
    (21,21,'2022-07-07 00:00:00'),
    (22,22,'2022-06-11 00:00:00'),
    (23,23,'2022-05-05 00:00:00'),
    (24,24,'2022-10-07 00:00:00'),
    (25,25,'2022-01-20 00:00:00'),
    (26,26,'2022-06-28 00:00:00'),
    (27,27,'2022-12-09 00:00:00'),
    (28,28,'2022-03-15 00:00:00'),
    (29,29,'2022-08-10 00:00:00'),
    (30,30,'2022-01-21 00:00:00'),
    (31,31,'2022-08-19 00:00:00'),
    (32,32,'2022-01-03 00:00:00'),
    (33,33,'2022-12-11 00:00:00'),
    (34,34,'2022-01-08 00:00:00'),
    (35,35,'2022-09-05 00:00:00'),
    (36,36,'2022-11-08 00:00:00'),
    (37,37,'2022-09-21 00:00:00'),
    (38,38,'2022-10-17 00:00:00'),
    (39,39,'2022-10-08 00:00:00'),
    (40,40,'2022-12-20 00:00:00'),
    (41,41,'2022-12-03 00:00:00'),
    (42,42,'2022-12-06 00:00:00'),
    (43,43,'2022-05-29 00:00:00'),
    (44,44,'2022-06-06 00:00:00'),
    (45,45,'2022-10-20 00:00:00'),
    (46,46,'2022-04-29 00:00:00'),
    (47,47,'2022-02-11 00:00:00'),
    (48,48,'2022-06-20 00:00:00'),
    (49,49,'2022-07-28 00:00:00'),
    (50,50,'2022-11-13 00:00:00'),
    (51,51,'2022-12-01 00:00:00'),
    (52,52,'2022-12-26 00:00:00'),
    (53,53,'2022-04-19 00:00:00'),
    (54,54,'2022-08-14 00:00:00'),
    (55,55,'2022-08-09 00:00:00'),
    (56,56,'2022-11-14 00:00:00'),
    (57,57,'2022-06-12 00:00:00'),
    (58,58,'2022-07-06 00:00:00'),
    (59,59,'2022-04-02 00:00:00'),
    (60,60,'2022-06-18 00:00:00'),
    (61,61,'2022-12-21 00:00:00'),
    (62,62,'2022-04-13 00:00:00'),
    (63,63,'2022-08-04 00:00:00'),
    (64,64,'2022-06-09 00:00:00'),
    (65,65,'2022-09-22 00:00:00'),
    (66,66,'2022-10-31 00:00:00'),
    (67,67,'2022-12-22 00:00:00'),
    (68,68,'2022-09-16 00:00:00'),
    (69,69,'2022-07-09 00:00:00'),
    (70,70,'2022-07-21 00:00:00'),
    (71,71,'2022-08-22 00:00:00'),
    (72,72,'2022-06-16 00:00:00'),
    (73,73,'2022-03-06 00:00:00'),
    (74,74,'2022-02-16 00:00:00'),
    (75,75,'2022-05-26 00:00:00'),
    (76,76,'2022-03-21 00:00:00'),
    (77,77,'2022-06-22 00:00:00'),
    (78,78,'2022-04-02 00:00:00'),
    (79,79,'2022-10-28 00:00:00'),
    (80,80,'2022-02-11 00:00:00'),
    (81,81,'2022-12-05 00:00:00'),
    (82,82,'2022-04-15 00:00:00'),
    (83,83,'2022-05-24 00:00:00'),
    (84,84,'2022-08-27 00:00:00'),
    (85,85,'2022-01-26 00:00:00'),
    (86,86,'2022-04-16 00:00:00'),
    (87,87,'2022-04-07 00:00:00'),
    (88,88,'2022-03-26 00:00:00'),
    (89,89,'2022-11-25 00:00:00'),
    (90,90,'2022-01-10 00:00:00'),
    (91,91,'2022-08-17 00:00:00'),
    (92,92,'2022-05-31 00:00:00'),
    (93,93,'2022-01-04 00:00:00'),
    (94,94,'2022-08-11 00:00:00'),
    (95,95,'2022-11-23 00:00:00'),
    (96,96,'2022-04-19 00:00:00'),
    (97,97,'2022-12-17 00:00:00'),
    (98,98,'2022-01-16 00:00:00'),
    (99,99,'2022-06-07 00:00:00'),
    (100,100,'2022-10-18 00:00:00');

INSERT INTO posts VALUES
    (1,1,'2022-09-29 00:00:00'),
    (2,2,'2022-02-15 00:00:00'),
    (3,3,'2022-02-04 00:00:00'),
    (4,4,'2022-12-31 00:00:00'),
    (5,5,'2022-11-02 00:00:00'),
    (6,6,'2022-10-22 00:00:00'),
    (7,7,'2022-11-21 00:00:00'),
    (8,8,'2022-09-07 00:00:00'),
    (9,9,'2022-03-14 00:00:00'),
    (10,10,'2022-09-08 00:00:00'),
    (11,11,'2022-08-30 00:00:00'),
    (12,12,'2022-09-15 00:00:00'),
    (13,13,'2022-06-27 00:00:00'),
    (14,14,'2022-11-05 00:00:00'),
    (15,15,'2022-01-14 00:00:00'),
    (16,16,'2022-11-03 00:00:00'),
    (17,17,'2022-06-17 00:00:00'),
    (18,18,'2022-04-22 00:00:00'),
    (19,19,'2022-07-28 00:00:00'),
    (20,20,'2022-08-15 00:00:00'),
    (21,21,'2022-12-25 00:00:00'),
    (22,22,'2022-06-09 00:00:00'),
    (23,23,'2022-07-09 00:00:00'),
    (24,24,'2022-08-30 00:00:00'),
    (25,25,'2022-07-17 00:00:00'),
    (26,26,'2022-02-03 00:00:00'),
    (27,27,'2022-11-01 00:00:00'),
    (28,28,'2022-03-05 00:00:00'),
    (29,29,'2022-02-26 00:00:00'),
    (30,30,'2022-02-03 00:00:00'),
    (31,31,'2022-12-24 00:00:00'),
    (32,32,'2022-09-15 00:00:00'),
    (33,33,'2022-02-16 00:00:00'),
    (34,34,'2022-07-28 00:00:00'),
    (35,35,'2022-04-08 00:00:00'),
    (36,36,'2022-03-18 00:00:00'),
    (37,37,'2022-03-18 00:00:00'),
    (38,38,'2022-03-18 00:00:00'),
    (39,39,'2022-09-20 00:00:00'),
    (40,40,'2022-12-18 00:00:00'),
    (41,41,'2022-04-26 00:00:00'),
    (42,42,'2022-11-30 00:00:00'),
    (43,43,'2022-09-06 00:00:00'),
    (44,44,'2022-07-02 00:00:00'),
    (45,45,'2022-02-07 00:00:00'),
    (46,46,'2022-08-06 00:00:00'),
    (47,47,'2022-09-09 00:00:00'),
    (48,48,'2022-09-29 00:00:00'),
    (49,49,'2022-06-01 00:00:00'),
    (50,50,'2022-09-19 00:00:00'),
    (51,51,'2022-06-20 00:00:00'),
    (52,52,'2022-08-23 00:00:00'),
    (53,53,'2022-10-14 00:00:00'),
    (54,54,'2022-01-10 00:00:00'),
    (55,55,'2022-03-19 00:00:00'),
    (56,56,'2022-04-10 00:00:00'),
    (57,57,'2022-12-11 00:00:00'),
    (58,58,'2022-05-30 00:00:00'),
    (59,59,'2022-10-14 00:00:00'),
    (60,60,'2022-01-16 00:00:00'),
    (61,61,'2022-07-31 00:00:00'),
    (62,62,'2022-02-09 00:00:00'),
    (63,63,'2022-10-10 00:00:00'),
    (64,64,'2022-10-17 00:00:00'),
    (65,65,'2022-04-24 00:00:00'),
    (66,66,'2022-09-04 00:00:00'),
    (67,67,'2022-11-18 00:00:00'),
    (68,68,'2022-11-28 00:00:00'),
    (69,69,'2022-04-28 00:00:00'),
    (70,70,'2022-11-15 00:00:00'),
    (71,71,'2022-07-21 00:00:00'),
    (72,72,'2022-03-19 00:00:00'),
    (73,73,'2022-10-29 00:00:00'),
    (74,74,'2022-06-01 00:00:00'),
    (75,75,'2022-04-12 00:00:00'),
    (76,76,'2022-05-08 00:00:00'),
    (77,77,'2022-01-03 00:00:00'),
    (78,78,'2022-11-08 00:00:00'),
    (79,79,'2022-07-12 00:00:00'),
    (80,80,'2022-07-15 00:00:00'),
    (81,81,'2022-01-11 00:00:00'),
    (82,82,'2022-03-06 00:00:00'),
    (83,83,'2022-11-10 00:00:00'),
    (84,84,'2022-01-24 00:00:00'),
    (85,85,'2022-01-27 00:00:00'),
    (86,86,'2022-08-17 00:00:00'),
    (87,87,'2022-05-05 00:00:00'),
    (88,88,'2022-09-16 00:00:00'),
    (89,89,'2022-07-01 00:00:00'),
    (90,90,'2022-02-04 00:00:00'),
    (91,91,'2022-01-30 00:00:00'),
    (92,92,'2022-03-27 00:00:00'),
    (93,93,'2022-08-05 00:00:00'),
    (94,94,'2022-12-25 00:00:00'),
    (95,95,'2022-04-02 00:00:00'),
    (96,96,'2022-07-17 00:00:00'),
    (97,97,'2022-07-31 00:00:00'),
    (98,98,'2022-09-16 00:00:00'),
    (99,99,'2022-10-29 00:00:00'),
    (100,100,'2022-07-17 00:00:00');

INSERT INTO verifysimprest VALUES
    (1,1,'2022-06-24 00:00:00'),
    (2,2,'2022-03-19 00:00:00'),
    (3,3,'2022-10-19 00:00:00'),
    (4,4,'2022-12-13 00:00:00'),
    (5,5,'2022-05-01 00:00:00'),
    (6,6,'2022-08-30 00:00:00'),
    (7,7,'2022-10-18 00:00:00'),
    (8,8,'2022-12-20 00:00:00'),
    (9,9,'2022-12-28 00:00:00'),
    (10,10,'2022-05-18 00:00:00'),
    (11,11,'2022-11-01 00:00:00'),
    (12,12,'2022-09-21 00:00:00'),
    (13,13,'2022-08-29 00:00:00'),
    (14,14,'2022-10-01 00:00:00'),
    (15,15,'2022-01-03 00:00:00'),
    (16,16,'2022-10-20 00:00:00'),
    (17,17,'2022-05-13 00:00:00'),
    (18,18,'2022-12-16 00:00:00'),
    (19,19,'2022-12-18 00:00:00'),
    (20,20,'2022-10-26 00:00:00'),
    (21,21,'2022-07-24 00:00:00'),
    (22,22,'2022-07-14 00:00:00'),
    (23,23,'2022-03-25 00:00:00'),
    (24,24,'2022-09-24 00:00:00'),
    (25,25,'2022-11-05 00:00:00'),
    (26,26,'2022-04-08 00:00:00'),
    (27,27,'2022-06-03 00:00:00'),
    (28,28,'2022-01-15 00:00:00'),
    (29,29,'2022-05-15 00:00:00'),
    (30,30,'2022-05-25 00:00:00'),
    (31,31,'2022-07-09 00:00:00'),
    (32,32,'2022-03-25 00:00:00'),
    (33,33,'2022-06-03 00:00:00'),
    (34,34,'2022-05-31 00:00:00'),
    (35,35,'2022-09-08 00:00:00'),
    (36,36,'2022-04-23 00:00:00'),
    (37,37,'2022-03-20 00:00:00'),
    (38,38,'2022-03-26 00:00:00'),
    (39,39,'2022-01-18 00:00:00'),
    (40,40,'2022-09-11 00:00:00'),
    (41,41,'2022-11-17 00:00:00'),
    (42,42,'2022-06-09 00:00:00'),
    (43,43,'2022-03-03 00:00:00'),
    (44,44,'2022-08-10 00:00:00'),
    (45,45,'2022-03-29 00:00:00'),
    (46,46,'2022-03-12 00:00:00'),
    (47,47,'2022-01-21 00:00:00'),
    (48,48,'2022-03-13 00:00:00'),
    (49,49,'2022-01-28 00:00:00'),
    (50,50,'2022-01-25 00:00:00'),
    (51,51,'2022-11-02 00:00:00'),
    (52,52,'2022-01-25 00:00:00'),
    (53,53,'2022-02-12 00:00:00'),
    (54,54,'2022-05-13 00:00:00'),
    (55,55,'2022-05-25 00:00:00'),
    (56,56,'2022-06-21 00:00:00'),
    (57,57,'2022-03-26 00:00:00'),
    (58,58,'2022-10-14 00:00:00'),
    (59,59,'2022-09-13 00:00:00'),
    (60,60,'2022-06-24 00:00:00'),
    (61,61,'2022-11-25 00:00:00'),
    (62,62,'2022-03-26 00:00:00'),
    (63,63,'2022-09-14 00:00:00'),
    (64,64,'2022-08-01 00:00:00'),
    (65,65,'2022-05-02 00:00:00'),
    (66,66,'2022-03-20 00:00:00'),
    (67,67,'2022-03-23 00:00:00'),
    (68,68,'2022-10-11 00:00:00'),
    (69,69,'2022-04-16 00:00:00'),
    (70,70,'2022-01-16 00:00:00'),
    (71,71,'2022-06-08 00:00:00'),
    (72,72,'2022-12-03 00:00:00'),
    (73,73,'2022-12-04 00:00:00'),
    (74,74,'2022-01-16 00:00:00'),
    (75,75,'2022-02-15 00:00:00'),
    (76,76,'2022-04-10 00:00:00'),
    (77,77,'2022-11-09 00:00:00'),
    (78,78,'2022-05-29 00:00:00'),
    (79,79,'2022-04-16 00:00:00'),
    (80,80,'2022-06-08 00:00:00'),
    (81,81,'2022-11-25 00:00:00'),
    (82,82,'2022-12-06 00:00:00'),
    (83,83,'2022-02-04 00:00:00'),
    (84,84,'2022-08-27 00:00:00'),
    (85,85,'2022-11-06 00:00:00'),
    (86,86,'2022-09-14 00:00:00'),
    (87,87,'2022-09-30 00:00:00'),
    (88,88,'2022-03-26 00:00:00'),
    (89,89,'2022-01-24 00:00:00'),
    (90,90,'2022-03-01 00:00:00'),
    (91,91,'2022-05-29 00:00:00'),
    (92,92,'2022-02-04 00:00:00'),
    (93,93,'2022-07-15 00:00:00'),
    (94,94,'2022-03-15 00:00:00'),
    (95,95,'2022-09-29 00:00:00'),
    (96,96,'2022-01-15 00:00:00'),
    (97,97,'2022-07-31 00:00:00'),
    (98,98,'2022-12-29 00:00:00'),
    (99,99,'2022-06-25 00:00:00'),
    (100,100,'2022-12-03 00:00:00');

INSERT INTO prescriptionoperations VALUES
    (449320685099,449320685099,'2022-04-28 00:00:00'),
    (645455051640,645455051640,'2022-01-06 00:00:00'),
    (379897022354,379897022354,'2022-12-07 00:00:00'),
    (478860910954,478860910954,'2022-08-23 00:00:00'),
    (157975739289,157975739289,'2022-06-19 00:00:00'),
    (127804588993,127804588993,'2022-04-15 00:00:00'),
    (100434057943,100434057943,'2022-10-11 00:00:00'),
    (181406148269,181406148269,'2022-04-07 00:00:00'),
    (503736186196,503736186196,'2022-02-20 00:00:00'),
    (815238645903,815238645903,'2022-03-15 00:00:00'),
    (762380154823,762380154823,'2022-06-17 00:00:00'),
    (878345726914,878345726914,'2022-04-19 00:00:00'),
    (896740720819,896740720819,'2022-01-19 00:00:00'),
    (456361826124,456361826124,'2022-11-23 00:00:00'),
    (118345379688,118345379688,'2022-08-26 00:00:00'),
    (479108482322,479108482322,'2022-07-02 00:00:00'),
    (635115213213,635115213213,'2022-03-11 00:00:00'),
    (797137522358,797137522358,'2022-12-25 00:00:00'),
    (926949473586,926949473586,'2022-07-07 00:00:00'),
    (486100182822,486100182822,'2022-04-19 00:00:00'),
    (191337523204,191337523204,'2022-10-19 00:00:00'),
    (456007708710,456007708710,'2022-11-13 00:00:00'),
    (494449728026,494449728026,'2022-08-22 00:00:00'),
    (795774984488,795774984488,'2022-09-30 00:00:00'),
    (458522567814,458522567814,'2022-12-20 00:00:00'),
    (716268096268,716268096268,'2022-07-13 00:00:00'),
    (871927653418,871927653418,'2022-04-10 00:00:00'),
    (628625943268,628625943268,'2022-01-25 00:00:00'),
    (969073432051,969073432051,'2022-09-22 00:00:00'),
    (460860663119,460860663119,'2022-08-27 00:00:00'),
    (832027233189,832027233189,'2022-11-06 00:00:00'),
    (541203336592,541203336592,'2022-06-24 00:00:00'),
    (184244263061,184244263061,'2022-09-19 00:00:00'),
    (151975663139,151975663139,'2022-07-20 00:00:00'),
    (970356907210,970356907210,'2022-04-30 00:00:00'),
    (508890619074,508890619074,'2022-04-19 00:00:00'),
    (648532184868,648532184868,'2022-09-08 00:00:00'),
    (784557881386,784557881386,'2022-06-10 00:00:00'),
    (258583595423,258583595423,'2022-07-02 00:00:00'),
    (571828637344,571828637344,'2022-09-29 00:00:00'),
    (421726952336,421726952336,'2022-04-18 00:00:00'),
    (703059734190,703059734190,'2022-09-19 00:00:00'),
    (482213105641,482213105641,'2022-11-19 00:00:00'),
    (321659167454,321659167454,'2022-09-08 00:00:00'),
    (709308698383,709308698383,'2022-11-04 00:00:00'),
    (819459751829,819459751829,'2022-07-24 00:00:00'),
    (921498990289,921498990289,'2022-08-06 00:00:00'),
    (357783851300,357783851300,'2022-07-18 00:00:00'),
    (520624477270,520624477270,'2022-01-30 00:00:00'),
    (145842476914,145842476914,'2022-11-23 00:00:00'),
    (272733387170,272733387170,'2022-03-21 00:00:00'),
    (616703470533,616703470533,'2022-12-20 00:00:00'),
    (557821130766,557821130766,'2022-02-24 00:00:00'),
    (870563253564,870563253564,'2022-11-30 00:00:00'),
    (493717972361,493717972361,'2022-04-18 00:00:00'),
    (421880979223,421880979223,'2022-06-29 00:00:00'),
    (217751431264,217751431264,'2022-07-03 00:00:00'),
    (664713242323,664713242323,'2022-08-30 00:00:00'),
    (249871880478,249871880478,'2022-12-20 00:00:00'),
    (266323461514,266323461514,'2022-03-24 00:00:00'),
    (759172554791,759172554791,'2022-08-11 00:00:00'),
    (128783273757,128783273757,'2022-12-22 00:00:00'),
    (860725467034,860725467034,'2022-11-08 00:00:00'),
    (184162172457,184162172457,'2022-11-15 00:00:00'),
    (463902654568,463902654568,'2022-12-24 00:00:00'),
    (914771515055,914771515055,'2022-10-10 00:00:00'),
    (149546802601,149546802601,'2022-03-12 00:00:00'),
    (343980549463,343980549463,'2022-10-16 00:00:00'),
    (836045909940,836045909940,'2022-03-15 00:00:00'),
    (546917024070,546917024070,'2022-04-03 00:00:00'),
    (544695219143,544695219143,'2022-01-22 00:00:00'),
    (273624994556,273624994556,'2022-07-08 00:00:00'),
    (954058894601,954058894601,'2022-05-23 00:00:00'),
    (579907981242,579907981242,'2022-08-21 00:00:00'),
    (586927962193,586927962193,'2022-04-04 00:00:00'),
    (793907581450,793907581450,'2022-04-11 00:00:00'),
    (376009856424,376009856424,'2022-09-14 00:00:00'),
    (561982009724,561982009724,'2022-04-25 00:00:00'),
    (185843999787,185843999787,'2022-06-16 00:00:00'),
    (337381611075,337381611075,'2022-03-06 00:00:00'),
    (621558076486,621558076486,'2022-05-08 00:00:00'),
    (855765162756,855765162756,'2022-12-09 00:00:00'),
    (877562439734,877562439734,'2022-01-05 00:00:00'),
    (259745690097,259745690097,'2022-07-04 00:00:00'),
    (972620763026,972620763026,'2022-10-22 00:00:00'),
    (304127299475,304127299475,'2022-08-25 00:00:00'),
    (983956253524,983956253524,'2022-11-09 00:00:00'),
    (872060840063,872060840063,'2022-04-11 00:00:00'),
    (595315601806,595315601806,'2022-11-08 00:00:00'),
    (505629362183,505629362183,'2022-12-17 00:00:00'),
    (349263719782,349263719782,'2022-10-30 00:00:00'),
    (216014369371,216014369371,'2022-05-23 00:00:00'),
    (196611815513,196611815513,'2022-04-09 00:00:00'),
    (786779905127,786779905127,'2022-01-29 00:00:00'),
    (557735643645,557735643645,'2022-11-11 00:00:00'),
    (585267141605,585267141605,'2022-03-23 00:00:00'),
    (604131237851,604131237851,'2022-02-25 00:00:00'),
    (616615620053,616615620053,'2022-03-29 00:00:00'),
    (225711416741,225711416741,'2022-05-19 00:00:00'),
    (466966959049,466966959049,'2022-01-09 00:00:00');

INSERT INTO operates VALUES
    (1,745050622374,'2022-04-25 00:00:00'),
    (2,897134402432,'2022-12-14 00:00:00'),
    (3,652891333616,'2022-09-26 00:00:00'),
    (4,185011186156,'2022-02-01 00:00:00'),
    (5,383007417215,'2022-07-28 00:00:00'),
    (6,294765574392,'2022-11-27 00:00:00'),
    (7,953744633965,'2022-10-26 00:00:00'),
    (8,238381069454,'2022-09-20 00:00:00'),
    (9,308137221549,'2022-12-21 00:00:00'),
    (10,403841430353,'2022-10-10 00:00:00'),
    (11,186070313474,'2022-08-26 00:00:00'),
    (12,198831402247,'2022-05-18 00:00:00'),
    (13,951626289750,'2022-06-22 00:00:00'),
    (14,313316039442,'2022-04-10 00:00:00'),
    (15,762216910597,'2022-11-27 00:00:00'),
    (16,531337849922,'2022-10-26 00:00:00'),
    (17,167540669637,'2022-10-26 00:00:00'),
    (18,249168123049,'2022-01-07 00:00:00'),
    (19,518054579004,'2022-06-26 00:00:00'),
    (20,985922354938,'2022-07-04 00:00:00'),
    (21,994960310489,'2022-12-13 00:00:00'),
    (22,121184465430,'2022-02-16 00:00:00'),
    (23,405216279010,'2022-01-02 00:00:00'),
    (24,853430756573,'2022-07-10 00:00:00'),
    (25,456183427295,'2022-08-29 00:00:00'),
    (26,657167814812,'2022-11-08 00:00:00'),
    (27,673882643090,'2022-07-17 00:00:00'),
    (28,742738423946,'2022-06-04 00:00:00'),
    (29,273185894967,'2022-06-08 00:00:00'),
    (30,195390973552,'2022-01-13 00:00:00'),
    (31,492845439310,'2022-12-01 00:00:00'),
    (32,997512547996,'2022-07-30 00:00:00'),
    (33,356885617385,'2022-09-22 00:00:00'),
    (34,456836353421,'2022-04-01 00:00:00'),
    (35,585790420059,'2022-08-02 00:00:00'),
    (36,524931458973,'2022-10-17 00:00:00'),
    (37,152389004133,'2022-08-06 00:00:00'),
    (38,254689912959,'2022-04-01 00:00:00'),
    (39,743894549023,'2022-02-19 00:00:00'),
    (40,175818405322,'2022-08-30 00:00:00'),
    (41,297987908585,'2022-01-31 00:00:00'),
    (42,697875519875,'2022-12-20 00:00:00'),
    (43,683358951409,'2022-05-23 00:00:00'),
    (44,525759830174,'2022-11-18 00:00:00'),
    (45,371332714737,'2022-05-07 00:00:00'),
    (46,764719718140,'2022-09-10 00:00:00'),
    (47,428082677993,'2022-12-27 00:00:00'),
    (48,595716490089,'2022-12-14 00:00:00'),
    (49,685190065100,'2022-03-02 00:00:00'),
    (50,833037347559,'2022-03-05 00:00:00'),
    (51,565611647204,'2022-06-14 00:00:00'),
    (52,107313929059,'2022-02-11 00:00:00'),
    (53,394943457188,'2022-02-18 00:00:00'),
    (54,484927837466,'2022-05-30 00:00:00'),
    (55,892618691836,'2022-08-31 00:00:00'),
    (56,288613842436,'2022-01-11 00:00:00'),
    (57,659934184162,'2022-05-20 00:00:00'),
    (58,357455551407,'2022-06-29 00:00:00'),
    (59,143072565402,'2022-11-11 00:00:00'),
    (60,513637870143,'2022-09-27 00:00:00'),
    (61,635147240712,'2022-08-29 00:00:00'),
    (62,632478937313,'2022-07-05 00:00:00'),
    (63,206577809208,'2022-04-03 00:00:00'),
    (64,333211718290,'2022-09-11 00:00:00'),
    (65,684277693954,'2022-12-28 00:00:00'),
    (66,412813779884,'2022-08-24 00:00:00'),
    (67,824134344431,'2022-08-08 00:00:00'),
    (68,166937751735,'2022-03-16 00:00:00'),
    (69,933136695832,'2022-04-14 00:00:00'),
    (70,172545742961,'2022-10-29 00:00:00'),
    (71,616644902375,'2022-03-04 00:00:00'),
    (72,790776329585,'2022-06-06 00:00:00'),
    (73,818146699933,'2022-09-09 00:00:00'),
    (74,101604711958,'2022-12-26 00:00:00'),
    (75,533110591798,'2022-10-03 00:00:00'),
    (76,523642546373,'2022-03-29 00:00:00'),
    (77,565544696076,'2022-09-18 00:00:00'),
    (78,213833548531,'2022-09-24 00:00:00'),
    (79,269746213409,'2022-08-06 00:00:00'),
    (80,842676442240,'2022-08-01 00:00:00'),
    (81,878392866403,'2022-08-10 00:00:00'),
    (82,746562808616,'2022-07-15 00:00:00'),
    (83,383300325334,'2022-05-26 00:00:00'),
    (84,976633038445,'2022-09-16 00:00:00'),
    (85,680685589005,'2022-10-13 00:00:00'),
    (86,331904790146,'2022-11-06 00:00:00'),
    (87,156648190917,'2022-10-25 00:00:00'),
    (88,790250263342,'2022-07-17 00:00:00'),
    (89,473609321587,'2022-08-18 00:00:00'),
    (90,962829321287,'2022-05-18 00:00:00'),
    (91,725995773566,'2022-03-06 00:00:00'),
    (92,787985517237,'2022-09-23 00:00:00'),
    (93,686573947731,'2022-05-15 00:00:00'),
    (94,148341668358,'2022-08-29 00:00:00'),
    (95,447205527520,'2022-08-01 00:00:00'),
    (96,986041835106,'2022-06-04 00:00:00'),
    (97,485557696138,'2022-04-05 00:00:00'),
    (98,191109397405,'2022-07-01 00:00:00'),
    (99,337368713946,'2022-10-17 00:00:00'),
    (100,736228125415,'2022-08-24 00:00:00'),
    (1,384576938274,'2022-10-26 00:00:00'),
    (2,182978336598,'2022-03-05 00:00:00'),
    (3,123212345678,'2022-11-20 00:00:00'),
    (4,886510916202,'2022-02-09 00:00:00'),
    (5,853688942212,'2022-06-19 00:00:00'),
    (6,767433580817,'2022-06-10 00:00:00'),
    (7,755923003308,'2022-12-15 00:00:00'),
    (8,338417268485,'2022-11-07 00:00:00'),
    (9,806141701367,'2022-05-19 00:00:00'),
    (10,939723032325,'2022-03-09 00:00:00'),
    (11,238746198711,'2022-09-30 00:00:00'),
    (12,690079528420,'2022-07-29 00:00:00'),
    (13,629419580169,'2022-03-09 00:00:00'),
    (14,621974496813,'2022-04-25 00:00:00'),
    (15,244724132391,'2022-07-03 00:00:00'),
    (16,682427326370,'2022-07-05 00:00:00'),
    (17,442526889958,'2022-07-07 00:00:00'),
    (18,811569236550,'2022-10-19 00:00:00'),
    (19,782378676731,'2022-12-08 00:00:00'),
    (20,134074854897,'2022-11-28 00:00:00'),
    (21,565760228209,'2022-06-07 00:00:00'),
    (22,430513933583,'2022-02-09 00:00:00'),
    (23,750615878490,'2022-09-28 00:00:00'),
    (24,948730104568,'2022-09-05 00:00:00'),
    (25,412046147485,'2022-02-09 00:00:00'),
    (26,230036308016,'2022-03-28 00:00:00'),
    (27,425946258172,'2022-09-21 00:00:00'),
    (28,714606785620,'2022-06-16 00:00:00'),
    (29,137905928918,'2022-03-21 00:00:00'),
    (30,403873510207,'2022-04-13 00:00:00'),
    (31,645516525566,'2022-03-13 00:00:00'),
    (32,250361511023,'2022-06-24 00:00:00'),
    (33,109851281284,'2022-12-12 00:00:00'),
    (34,807766694610,'2022-02-13 00:00:00'),
    (35,111383082107,'2022-01-14 00:00:00'),
    (36,860648106350,'2022-12-12 00:00:00'),
    (37,772893995710,'2022-09-12 00:00:00'),
    (38,868138926697,'2022-02-03 00:00:00'),
    (39,622983881771,'2022-05-14 00:00:00'),
    (40,861569686099,'2022-02-27 00:00:00'),
    (41,806709868097,'2022-12-22 00:00:00'),
    (42,111855948812,'2022-09-11 00:00:00'),
    (43,754367011867,'2022-09-17 00:00:00'),
    (44,326322313036,'2022-08-02 00:00:00'),
    (45,442935469363,'2022-04-07 00:00:00'),
    (46,894084970049,'2022-03-08 00:00:00'),
    (47,365907707112,'2022-02-17 00:00:00'),
    (48,963952745475,'2022-04-17 00:00:00'),
    (49,851492664936,'2022-03-10 00:00:00'),
    (50,327343991371,'2022-10-03 00:00:00'),
    (51,443384230301,'2022-08-11 00:00:00'),
    (52,271951847270,'2022-06-09 00:00:00'),
    (53,256743696801,'2022-07-04 00:00:00'),
    (54,264399516606,'2022-04-25 00:00:00'),
    (55,234409456300,'2022-11-28 00:00:00'),
    (56,960054344096,'2022-06-25 00:00:00'),
    (57,918964440124,'2022-03-20 00:00:00'),
    (58,447030218902,'2022-03-20 00:00:00'),
    (59,559190916817,'2022-10-30 00:00:00'),
    (60,574715846208,'2022-08-08 00:00:00'),
    (61,639553084955,'2022-03-24 00:00:00'),
    (62,137177442605,'2022-04-28 00:00:00'),
    (63,967249541590,'2022-10-06 00:00:00'),
    (64,476144578059,'2022-03-19 00:00:00'),
    (65,847153289634,'2022-11-22 00:00:00'),
    (66,151320303590,'2022-07-18 00:00:00'),
    (67,495194453660,'2022-05-11 00:00:00'),
    (68,339411075722,'2022-01-02 00:00:00'),
    (69,232486545543,'2022-12-23 00:00:00'),
    (70,706386610058,'2022-08-29 00:00:00'),
    (71,963953593402,'2022-12-24 00:00:00'),
    (72,540842555244,'2022-10-26 00:00:00'),
    (73,258219863957,'2022-06-05 00:00:00'),
    (74,524316333590,'2022-07-19 00:00:00'),
    (75,789367810274,'2022-10-03 00:00:00'),
    (76,800115955353,'2022-10-17 00:00:00'),
    (77,511551997136,'2022-10-17 00:00:00'),
    (78,921875711317,'2022-02-12 00:00:00'),
    (79,216184312407,'2022-11-08 00:00:00'),
    (80,166248912628,'2022-08-25 00:00:00'),
    (81,551815318068,'2022-12-04 00:00:00'),
    (82,496662368910,'2022-03-27 00:00:00'),
    (83,104749300257,'2022-10-24 00:00:00'),
    (84,555827959264,'2022-09-01 00:00:00'),
    (85,331502878582,'2022-01-21 00:00:00'),
    (86,501027542573,'2022-07-21 00:00:00'),
    (87,390985788030,'2022-09-24 00:00:00'),
    (88,571763824998,'2022-12-05 00:00:00'),
    (89,977917367833,'2022-05-23 00:00:00'),
    (90,754357913557,'2022-09-21 00:00:00'),
    (91,387596410147,'2022-04-07 00:00:00'),
    (92,986283436009,'2022-08-22 00:00:00'),
    (93,134218621396,'2022-09-10 00:00:00'),
    (94,869932086712,'2022-10-08 00:00:00'),
    (95,974616472447,'2022-07-04 00:00:00'),
    (96,987271305314,'2022-11-20 00:00:00'),
    (97,220252291635,'2022-07-02 00:00:00'),
    (98,483651379291,'2022-05-21 00:00:00'),
    (99,420442382512,'2022-12-17 00:00:00'),
    (100,563588834395,'2022-01-19 00:00:00'),
    (1,449320685099,'2022-02-20 00:00:00'),
    (2,645455051640,'2022-11-02 00:00:00'),
    (3,379897022354,'2022-02-07 00:00:00'),
    (4,478860910954,'2022-02-24 00:00:00'),
    (5,157975739289,'2022-09-07 00:00:00'),
    (6,127804588993,'2022-10-04 00:00:00'),
    (7,100434057943,'2022-02-08 00:00:00'),
    (8,181406148269,'2022-11-04 00:00:00'),
    (9,503736186196,'2022-10-18 00:00:00'),
    (10,815238645903,'2022-07-01 00:00:00'),
    (11,762380154823,'2022-09-20 00:00:00'),
    (12,878345726914,'2022-06-20 00:00:00'),
    (13,896740720819,'2022-05-24 00:00:00'),
    (14,456361826124,'2022-12-01 00:00:00'),
    (15,118345379688,'2022-06-23 00:00:00'),
    (16,479108482322,'2022-05-20 00:00:00'),
    (17,635115213213,'2022-11-05 00:00:00'),
    (18,797137522358,'2022-06-25 00:00:00'),
    (19,926949473586,'2022-10-09 00:00:00'),
    (20,486100182822,'2022-04-10 00:00:00'),
    (21,191337523204,'2022-07-28 00:00:00'),
    (22,456007708710,'2022-03-30 00:00:00'),
    (23,494449728026,'2022-09-13 00:00:00'),
    (24,795774984488,'2022-05-22 00:00:00'),
    (25,458522567814,'2022-09-11 00:00:00'),
    (26,716268096268,'2022-10-31 00:00:00'),
    (27,871927653418,'2022-11-19 00:00:00'),
    (28,628625943268,'2022-09-03 00:00:00'),
    (29,969073432051,'2022-08-26 00:00:00'),
    (30,460860663119,'2022-11-25 00:00:00'),
    (31,832027233189,'2022-01-14 00:00:00'),
    (32,541203336592,'2022-09-18 00:00:00'),
    (33,184244263061,'2022-06-15 00:00:00'),
    (34,151975663139,'2022-08-06 00:00:00'),
    (35,970356907210,'2022-05-01 00:00:00'),
    (36,508890619074,'2022-10-18 00:00:00'),
    (37,648532184868,'2022-09-07 00:00:00'),
    (38,784557881386,'2022-05-25 00:00:00'),
    (39,258583595423,'2022-03-19 00:00:00'),
    (40,571828637344,'2022-01-26 00:00:00'),
    (41,421726952336,'2022-02-16 00:00:00'),
    (42,703059734190,'2022-06-23 00:00:00'),
    (43,482213105641,'2022-10-07 00:00:00'),
    (44,321659167454,'2022-09-02 00:00:00'),
    (45,709308698383,'2022-05-10 00:00:00'),
    (46,819459751829,'2022-01-06 00:00:00'),
    (47,921498990289,'2022-04-08 00:00:00'),
    (48,357783851300,'2022-11-27 00:00:00'),
    (49,520624477270,'2022-07-03 00:00:00'),
    (50,145842476914,'2022-04-09 00:00:00'),
    (51,272733387170,'2022-03-12 00:00:00'),
    (52,616703470533,'2022-01-15 00:00:00'),
    (53,557821130766,'2022-12-31 00:00:00'),
    (54,870563253564,'2022-01-24 00:00:00'),
    (55,493717972361,'2022-06-22 00:00:00'),
    (56,421880979223,'2022-01-21 00:00:00'),
    (57,217751431264,'2022-11-13 00:00:00'),
    (58,664713242323,'2022-03-30 00:00:00'),
    (59,249871880478,'2022-06-16 00:00:00'),
    (60,266323461514,'2022-10-02 00:00:00'),
    (61,759172554791,'2022-12-02 00:00:00'),
    (62,128783273757,'2022-03-08 00:00:00'),
    (63,860725467034,'2022-10-02 00:00:00'),
    (64,184162172457,'2022-11-17 00:00:00'),
    (65,463902654568,'2022-01-20 00:00:00'),
    (66,914771515055,'2022-09-21 00:00:00'),
    (67,149546802601,'2022-09-22 00:00:00'),
    (68,343980549463,'2022-09-02 00:00:00'),
    (69,836045909940,'2022-07-27 00:00:00'),
    (70,546917024070,'2022-02-22 00:00:00'),
    (71,544695219143,'2022-03-20 00:00:00'),
    (72,273624994556,'2022-12-13 00:00:00'),
    (73,954058894601,'2022-06-23 00:00:00'),
    (74,579907981242,'2022-07-23 00:00:00'),
    (75,586927962193,'2022-10-16 00:00:00'),
    (76,793907581450,'2022-03-24 00:00:00'),
    (77,376009856424,'2022-06-04 00:00:00'),
    (78,561982009724,'2022-12-04 00:00:00'),
    (79,185843999787,'2022-08-28 00:00:00'),
    (80,337381611075,'2022-08-08 00:00:00'),
    (81,621558076486,'2022-02-04 00:00:00'),
    (82,855765162756,'2022-04-09 00:00:00'),
    (83,877562439734,'2022-01-31 00:00:00'),
    (84,259745690097,'2022-01-27 00:00:00'),
    (85,972620763026,'2022-08-01 00:00:00'),
    (86,304127299475,'2022-12-20 00:00:00'),
    (87,983956253524,'2022-03-15 00:00:00'),
    (88,872060840063,'2022-10-30 00:00:00'),
    (89,595315601806,'2022-07-06 00:00:00'),
    (90,505629362183,'2022-01-02 00:00:00'),
    (91,349263719782,'2022-10-04 00:00:00'),
    (92,216014369371,'2022-06-07 00:00:00'),
    (93,196611815513,'2022-06-23 00:00:00'),
    (94,786779905127,'2022-11-24 00:00:00'),
    (95,557735643645,'2022-06-11 00:00:00'),
    (96,585267141605,'2022-05-05 00:00:00'),
    (97,604131237851,'2022-08-20 00:00:00'),
    (98,616615620053,'2022-08-12 00:00:00'),
    (99,225711416741,'2022-04-17 00:00:00'),
    (100,466966959049,'2022-02-15 00:00:00');

INSERT INTO otcoperations VALUES
    (384576938274,384576938274,'2022-12-30 00:00:00'),
    (182978336598,182978336598,'2022-06-22 00:00:00'),
    (123212345678,123212345678,'2022-06-17 00:00:00'),
    (886510916202,886510916202,'2022-09-07 00:00:00'),
    (853688942212,853688942212,'2022-11-12 00:00:00'),
    (767433580817,767433580817,'2022-08-20 00:00:00'),
    (755923003308,755923003308,'2022-04-28 00:00:00'),
    (338417268485,338417268485,'2022-07-15 00:00:00'),
    (806141701367,806141701367,'2022-04-14 00:00:00'),
    (939723032325,939723032325,'2022-11-26 00:00:00'),
    (238746198711,238746198711,'2022-11-16 00:00:00'),
    (690079528420,690079528420,'2022-06-23 00:00:00'),
    (629419580169,629419580169,'2022-09-08 00:00:00'),
    (621974496813,621974496813,'2022-11-29 00:00:00'),
    (244724132391,244724132391,'2022-03-25 00:00:00'),
    (682427326370,682427326370,'2022-07-10 00:00:00'),
    (442526889958,442526889958,'2022-08-20 00:00:00'),
    (811569236550,811569236550,'2022-08-04 00:00:00'),
    (782378676731,782378676731,'2022-03-30 00:00:00'),
    (134074854897,134074854897,'2022-01-02 00:00:00'),
    (565760228209,565760228209,'2022-04-01 00:00:00'),
    (430513933583,430513933583,'2022-06-05 00:00:00'),
    (750615878490,750615878490,'2022-06-08 00:00:00'),
    (948730104568,948730104568,'2022-01-07 00:00:00'),
    (412046147485,412046147485,'2022-11-07 00:00:00'),
    (230036308016,230036308016,'2022-03-18 00:00:00'),
    (425946258172,425946258172,'2022-10-29 00:00:00'),
    (714606785620,714606785620,'2022-05-18 00:00:00'),
    (137905928918,137905928918,'2022-12-08 00:00:00'),
    (403873510207,403873510207,'2022-07-23 00:00:00'),
    (645516525566,645516525566,'2022-08-12 00:00:00'),
    (250361511023,250361511023,'2022-05-12 00:00:00'),
    (109851281284,109851281284,'2022-05-10 00:00:00'),
    (807766694610,807766694610,'2022-06-17 00:00:00'),
    (111383082107,111383082107,'2022-10-14 00:00:00'),
    (860648106350,860648106350,'2022-08-21 00:00:00'),
    (772893995710,772893995710,'2022-09-25 00:00:00'),
    (868138926697,868138926697,'2022-11-17 00:00:00'),
    (622983881771,622983881771,'2022-04-23 00:00:00'),
    (861569686099,861569686099,'2022-06-13 00:00:00'),
    (806709868097,806709868097,'2022-11-26 00:00:00'),
    (111855948812,111855948812,'2022-11-27 00:00:00'),
    (754367011867,754367011867,'2022-09-30 00:00:00'),
    (326322313036,326322313036,'2022-09-30 00:00:00'),
    (442935469363,442935469363,'2022-06-10 00:00:00'),
    (894084970049,894084970049,'2022-04-28 00:00:00'),
    (365907707112,365907707112,'2022-09-08 00:00:00'),
    (963952745475,963952745475,'2022-03-13 00:00:00'),
    (851492664936,851492664936,'2022-02-27 00:00:00'),
    (327343991371,327343991371,'2022-07-21 00:00:00'),
    (443384230301,443384230301,'2022-09-17 00:00:00'),
    (271951847270,271951847270,'2022-04-05 00:00:00'),
    (256743696801,256743696801,'2022-10-10 00:00:00'),
    (264399516606,264399516606,'2022-10-06 00:00:00'),
    (234409456300,234409456300,'2022-04-01 00:00:00'),
    (960054344096,960054344096,'2022-03-13 00:00:00'),
    (918964440124,918964440124,'2022-10-23 00:00:00'),
    (447030218902,447030218902,'2022-08-24 00:00:00'),
    (559190916817,559190916817,'2022-12-30 00:00:00'),
    (574715846208,574715846208,'2022-10-24 00:00:00'),
    (639553084955,639553084955,'2022-03-24 00:00:00'),
    (137177442605,137177442605,'2022-10-07 00:00:00'),
    (967249541590,967249541590,'2022-04-15 00:00:00'),
    (476144578059,476144578059,'2022-11-24 00:00:00'),
    (847153289634,847153289634,'2022-03-01 00:00:00'),
    (151320303590,151320303590,'2022-08-10 00:00:00'),
    (495194453660,495194453660,'2022-04-05 00:00:00'),
    (339411075722,339411075722,'2022-11-14 00:00:00'),
    (232486545543,232486545543,'2022-09-11 00:00:00'),
    (706386610058,706386610058,'2022-06-26 00:00:00'),
    (963953593402,963953593402,'2022-04-16 00:00:00'),
    (540842555244,540842555244,'2022-11-02 00:00:00'),
    (258219863957,258219863957,'2022-05-31 00:00:00'),
    (524316333590,524316333590,'2022-03-10 00:00:00'),
    (789367810274,789367810274,'2022-11-12 00:00:00'),
    (800115955353,800115955353,'2022-05-18 00:00:00'),
    (511551997136,511551997136,'2022-04-03 00:00:00'),
    (921875711317,921875711317,'2022-11-27 00:00:00'),
    (216184312407,216184312407,'2022-08-13 00:00:00'),
    (166248912628,166248912628,'2022-09-04 00:00:00'),
    (551815318068,551815318068,'2022-01-08 00:00:00'),
    (496662368910,496662368910,'2022-03-07 00:00:00'),
    (104749300257,104749300257,'2022-01-17 00:00:00'),
    (555827959264,555827959264,'2022-03-17 00:00:00'),
    (331502878582,331502878582,'2022-08-01 00:00:00'),
    (501027542573,501027542573,'2022-12-04 00:00:00'),
    (390985788030,390985788030,'2022-02-10 00:00:00'),
    (571763824998,571763824998,'2022-02-15 00:00:00'),
    (977917367833,977917367833,'2022-12-06 00:00:00'),
    (754357913557,754357913557,'2022-04-16 00:00:00'),
    (387596410147,387596410147,'2022-09-02 00:00:00'),
    (986283436009,986283436009,'2022-08-12 00:00:00'),
    (134218621396,134218621396,'2022-11-25 00:00:00'),
    (869932086712,869932086712,'2022-12-24 00:00:00'),
    (974616472447,974616472447,'2022-07-07 00:00:00'),
    (987271305314,987271305314,'2022-12-29 00:00:00'),
    (220252291635,220252291635,'2022-06-27 00:00:00'),
    (483651379291,483651379291,'2022-01-07 00:00:00'),
    (420442382512,420442382512,'2022-08-02 00:00:00'),
    (563588834395,563588834395,'2022-01-12 00:00:00');

INSERT INTO nonotcoperations VALUES
    (745050622374,745050622374,'2022-03-01 00:00:00'),
    (897134402432,897134402432,'2022-02-14 00:00:00'),
    (652891333616,652891333616,'2022-09-04 00:00:00'),
    (185011186156,185011186156,'2022-10-29 00:00:00'),
    (383007417215,383007417215,'2022-08-10 00:00:00'),
    (294765574392,294765574392,'2022-06-23 00:00:00'),
    (953744633965,953744633965,'2022-05-13 00:00:00'),
    (238381069454,238381069454,'2022-05-18 00:00:00'),
    (308137221549,308137221549,'2022-02-11 00:00:00'),
    (403841430353,403841430353,'2022-02-07 00:00:00'),
    (186070313474,186070313474,'2022-03-12 00:00:00'),
    (198831402247,198831402247,'2022-08-31 00:00:00'),
    (951626289750,951626289750,'2022-12-05 00:00:00'),
    (313316039442,313316039442,'2022-12-05 00:00:00'),
    (762216910597,762216910597,'2022-01-12 00:00:00'),
    (531337849922,531337849922,'2022-11-04 00:00:00'),
    (167540669637,167540669637,'2022-06-28 00:00:00'),
    (249168123049,249168123049,'2022-03-12 00:00:00'),
    (518054579004,518054579004,'2022-08-27 00:00:00'),
    (985922354938,985922354938,'2022-09-09 00:00:00'),
    (994960310489,994960310489,'2022-12-26 00:00:00'),
    (121184465430,121184465430,'2022-05-08 00:00:00'),
    (405216279010,405216279010,'2022-06-18 00:00:00'),
    (853430756573,853430756573,'2022-07-06 00:00:00'),
    (456183427295,456183427295,'2022-04-01 00:00:00'),
    (657167814812,657167814812,'2022-04-27 00:00:00'),
    (673882643090,673882643090,'2022-01-07 00:00:00'),
    (742738423946,742738423946,'2022-09-14 00:00:00'),
    (273185894967,273185894967,'2022-05-22 00:00:00'),
    (195390973552,195390973552,'2022-04-20 00:00:00'),
    (492845439310,492845439310,'2022-08-31 00:00:00'),
    (997512547996,997512547996,'2022-05-23 00:00:00'),
    (356885617385,356885617385,'2022-09-06 00:00:00'),
    (456836353421,456836353421,'2022-12-21 00:00:00'),
    (585790420059,585790420059,'2022-08-02 00:00:00'),
    (524931458973,524931458973,'2022-11-09 00:00:00'),
    (152389004133,152389004133,'2022-11-14 00:00:00'),
    (254689912959,254689912959,'2022-04-10 00:00:00'),
    (743894549023,743894549023,'2022-02-02 00:00:00'),
    (175818405322,175818405322,'2022-02-17 00:00:00'),
    (297987908585,297987908585,'2022-02-14 00:00:00'),
    (697875519875,697875519875,'2022-03-13 00:00:00'),
    (683358951409,683358951409,'2022-01-27 00:00:00'),
    (525759830174,525759830174,'2022-02-22 00:00:00'),
    (371332714737,371332714737,'2022-08-17 00:00:00'),
    (764719718140,764719718140,'2022-12-11 00:00:00'),
    (428082677993,428082677993,'2022-12-19 00:00:00'),
    (595716490089,595716490089,'2022-01-02 00:00:00'),
    (685190065100,685190065100,'2022-12-24 00:00:00'),
    (833037347559,833037347559,'2022-08-08 00:00:00'),
    (565611647204,565611647204,'2022-11-04 00:00:00'),
    (107313929059,107313929059,'2022-07-12 00:00:00'),
    (394943457188,394943457188,'2022-04-27 00:00:00'),
    (484927837466,484927837466,'2022-12-23 00:00:00'),
    (892618691836,892618691836,'2022-09-29 00:00:00'),
    (288613842436,288613842436,'2022-11-26 00:00:00'),
    (659934184162,659934184162,'2022-05-01 00:00:00'),
    (357455551407,357455551407,'2022-07-26 00:00:00'),
    (143072565402,143072565402,'2022-08-27 00:00:00'),
    (513637870143,513637870143,'2022-07-09 00:00:00'),
    (635147240712,635147240712,'2022-03-10 00:00:00'),
    (632478937313,632478937313,'2022-10-05 00:00:00'),
    (206577809208,206577809208,'2022-01-29 00:00:00'),
    (333211718290,333211718290,'2022-04-03 00:00:00'),
    (684277693954,684277693954,'2022-09-16 00:00:00'),
    (412813779884,412813779884,'2022-02-26 00:00:00'),
    (824134344431,824134344431,'2022-07-29 00:00:00'),
    (166937751735,166937751735,'2022-03-29 00:00:00'),
    (933136695832,933136695832,'2022-12-14 00:00:00'),
    (172545742961,172545742961,'2022-09-03 00:00:00'),
    (616644902375,616644902375,'2022-02-20 00:00:00'),
    (790776329585,790776329585,'2022-01-08 00:00:00'),
    (818146699933,818146699933,'2022-11-08 00:00:00'),
    (101604711958,101604711958,'2022-06-06 00:00:00'),
    (533110591798,533110591798,'2022-12-03 00:00:00'),
    (523642546373,523642546373,'2022-03-17 00:00:00'),
    (565544696076,565544696076,'2022-06-05 00:00:00'),
    (213833548531,213833548531,'2022-09-12 00:00:00'),
    (269746213409,269746213409,'2022-03-22 00:00:00'),
    (842676442240,842676442240,'2022-03-18 00:00:00'),
    (878392866403,878392866403,'2022-07-09 00:00:00'),
    (746562808616,746562808616,'2022-02-27 00:00:00'),
    (383300325334,383300325334,'2022-05-23 00:00:00'),
    (976633038445,976633038445,'2022-06-17 00:00:00'),
    (680685589005,680685589005,'2022-02-06 00:00:00'),
    (331904790146,331904790146,'2022-07-10 00:00:00'),
    (156648190917,156648190917,'2022-12-13 00:00:00'),
    (790250263342,790250263342,'2022-07-02 00:00:00'),
    (473609321587,473609321587,'2022-08-21 00:00:00'),
    (962829321287,962829321287,'2022-02-16 00:00:00'),
    (725995773566,725995773566,'2022-09-12 00:00:00'),
    (787985517237,787985517237,'2022-09-16 00:00:00'),
    (686573947731,686573947731,'2022-01-15 00:00:00'),
    (148341668358,148341668358,'2022-06-10 00:00:00'),
    (447205527520,447205527520,'2022-07-24 00:00:00'),
    (986041835106,986041835106,'2022-12-25 00:00:00'),
    (485557696138,485557696138,'2022-06-03 00:00:00'),
    (191109397405,191109397405,'2022-07-20 00:00:00'),
    (337368713946,337368713946,'2022-05-31 00:00:00'),
    (736228125415,736228125415,'2022-08-29 00:00:00');
