dateDeposited,eID,depID
3/16/2022 0:00:00,1,1
9/27/2022 0:00:00,2,2
1/3/2022 0:00:00,3,3
9/26/2022 0:00:00,4,4
9/28/2022 0:00:00,5,5
9/29/2022 0:00:00,6,6
5/27/2022 0:00:00,7,7
10/26/2022 0:00:00,8,8
7/3/2022 0:00:00,9,9
11/18/2022 0:00:00,10,10
11/7/2022 0:00:00,11,11
1/24/2022 0:00:00,12,12
10/8/2022 0:00:00,13,13
7/14/2022 0:00:00,14,14
3/11/2022 0:00:00,15,15
1/27/2022 0:00:00,16,16
1/13/2022 0:00:00,17,17
4/4/2022 0:00:00,18,18
3/6/2022 0:00:00,19,19
3/4/2022 0:00:00,20,20
10/3/2022 0:00:00,21,21
1/22/2022 0:00:00,22,22
8/30/2022 0:00:00,23,23
6/5/2022 0:00:00,24,24
10/21/2022 0:00:00,25,25
10/6/2022 0:00:00,26,26
6/12/2022 0:00:00,27,27
1/9/2022 0:00:00,28,28
2/11/2022 0:00:00,29,29
6/21/2022 0:00:00,30,30
6/11/2022 0:00:00,31,31
1/27/2022 0:00:00,32,32
1/26/2022 0:00:00,33,33
10/20/2022 0:00:00,34,34
7/23/2022 0:00:00,35,35
1/24/2022 0:00:00,36,36
11/11/2022 0:00:00,37,37
7/6/2022 0:00:00,38,38
6/25/2022 0:00:00,39,39
8/22/2022 0:00:00,40,40
4/15/2022 0:00:00,41,41
4/28/2022 0:00:00,42,42
5/26/2022 0:00:00,43,43
3/3/2022 0:00:00,44,44
1/9/2022 0:00:00,45,45
4/15/2022 0:00:00,46,46
7/7/2022 0:00:00,47,47
6/20/2022 0:00:00,48,48
11/3/2022 0:00:00,49,49
10/31/2022 0:00:00,50,50
2/3/2022 0:00:00,51,51
7/1/2022 0:00:00,52,52
10/23/2022 0:00:00,53,53
8/13/2022 0:00:00,54,54
9/28/2022 0:00:00,55,55
4/9/2022 0:00:00,56,56
1/14/2022 0:00:00,57,57
10/3/2022 0:00:00,58,58
6/30/2022 0:00:00,59,59
3/14/2022 0:00:00,60,60
2/12/2022 0:00:00,61,61
7/12/2022 0:00:00,62,62
4/25/2022 0:00:00,63,63
3/2/2022 0:00:00,64,64
1/21/2022 0:00:00,65,65
9/11/2022 0:00:00,66,66
8/17/2022 0:00:00,67,67
1/31/2022 0:00:00,68,68
2/21/2022 0:00:00,69,69
7/15/2022 0:00:00,70,70
6/26/2022 0:00:00,71,71
5/12/2022 0:00:00,72,72
10/12/2022 0:00:00,73,73
7/1/2022 0:00:00,74,74
2/10/2022 0:00:00,75,75
9/19/2022 0:00:00,76,76
3/26/2022 0:00:00,77,77
9/22/2022 0:00:00,78,78
8/15/2022 0:00:00,79,79
1/18/2022 0:00:00,80,80
9/14/2022 0:00:00,81,81
3/1/2022 0:00:00,82,82
11/2/2022 0:00:00,83,83
7/26/2022 0:00:00,84,84
3/23/2022 0:00:00,85,85
11/8/2022 0:00:00,86,86
5/25/2022 0:00:00,87,87
4/16/2022 0:00:00,88,88
5/17/2022 0:00:00,89,89
12/31/2022 0:00:00,90,90
5/3/2022 0:00:00,91,91
2/8/2022 0:00:00,92,92
11/26/2022 0:00:00,93,93
12/6/2022 0:00:00,94,94
10/23/2022 0:00:00,95,95
11/24/2022 0:00:00,96,96
1/16/2022 0:00:00,97,97
7/23/2022 0:00:00,98,98
8/30/2022 0:00:00,99,99
1/28/2022 0:00:00,100,100