dateVerifiedImprest,eID,impID
6/24/2022 0:00:00,1,1
3/19/2022 0:00:00,2,2
10/19/2022 0:00:00,3,3
12/13/2022 0:00:00,4,4
5/1/2022 0:00:00,5,5
8/30/2022 0:00:00,6,6
10/18/2022 0:00:00,7,7
12/20/2022 0:00:00,8,8
12/28/2022 0:00:00,9,9
5/18/2022 0:00:00,10,10
11/1/2022 0:00:00,11,11
9/21/2022 0:00:00,12,12
8/29/2022 0:00:00,13,13
10/1/2022 0:00:00,14,14
1/3/2022 0:00:00,15,15
10/20/2022 0:00:00,16,16
5/13/2022 0:00:00,17,17
12/16/2022 0:00:00,18,18
12/18/2022 0:00:00,19,19
10/26/2022 0:00:00,20,20
7/24/2022 0:00:00,21,21
7/14/2022 0:00:00,22,22
3/25/2022 0:00:00,23,23
9/24/2022 0:00:00,24,24
11/5/2022 0:00:00,25,25
4/8/2022 0:00:00,26,26
6/3/2022 0:00:00,27,27
1/15/2022 0:00:00,28,28
5/15/2022 0:00:00,29,29
5/25/2022 0:00:00,30,30
7/9/2022 0:00:00,31,31
3/25/2022 0:00:00,32,32
6/3/2022 0:00:00,33,33
5/31/2022 0:00:00,34,34
9/8/2022 0:00:00,35,35
4/23/2022 0:00:00,36,36
3/20/2022 0:00:00,37,37
3/26/2022 0:00:00,38,38
1/18/2022 0:00:00,39,39
9/11/2022 0:00:00,40,40
11/17/2022 0:00:00,41,41
6/9/2022 0:00:00,42,42
3/3/2022 0:00:00,43,43
8/10/2022 0:00:00,44,44
3/29/2022 0:00:00,45,45
3/12/2022 0:00:00,46,46
1/21/2022 0:00:00,47,47
3/13/2022 0:00:00,48,48
1/28/2022 0:00:00,49,49
1/25/2022 0:00:00,50,50
11/2/2022 0:00:00,51,51
1/25/2022 0:00:00,52,52
2/12/2022 0:00:00,53,53
5/13/2022 0:00:00,54,54
5/25/2022 0:00:00,55,55
6/21/2022 0:00:00,56,56
3/26/2022 0:00:00,57,57
10/14/2022 0:00:00,58,58
9/13/2022 0:00:00,59,59
6/24/2022 0:00:00,60,60
11/25/2022 0:00:00,61,61
3/26/2022 0:00:00,62,62
9/14/2022 0:00:00,63,63
8/1/2022 0:00:00,64,64
5/2/2022 0:00:00,65,65
3/20/2022 0:00:00,66,66
3/23/2022 0:00:00,67,67
10/11/2022 0:00:00,68,68
4/16/2022 0:00:00,69,69
1/16/2022 0:00:00,70,70
6/8/2022 0:00:00,71,71
12/3/2022 0:00:00,72,72
12/4/2022 0:00:00,73,73
1/16/2022 0:00:00,74,74
2/15/2022 0:00:00,75,75
4/10/2022 0:00:00,76,76
11/9/2022 0:00:00,77,77
5/29/2022 0:00:00,78,78
4/16/2022 0:00:00,79,79
6/8/2022 0:00:00,80,80
11/25/2022 0:00:00,81,81
12/6/2022 0:00:00,82,82
2/4/2022 0:00:00,83,83
8/27/2022 0:00:00,84,84
11/6/2022 0:00:00,85,85
9/14/2022 0:00:00,86,86
9/30/2022 0:00:00,87,87
3/26/2022 0:00:00,88,88
1/24/2022 0:00:00,89,89
3/1/2022 0:00:00,90,90
5/29/2022 0:00:00,91,91
2/4/2022 0:00:00,92,92
7/15/2022 0:00:00,93,93
3/15/2022 0:00:00,94,94
9/29/2022 0:00:00,95,95
1/15/2022 0:00:00,96,96
7/31/2022 0:00:00,97,97
12/29/2022 0:00:00,98,98
6/25/2022 0:00:00,99,99
12/3/2022 0:00:00,100,100